题目编号,情绪标签,强度1级人次,强度2级人次,强度3级人次,强度4级人次,强度5级人次
ITEM-00001,平静,0,0,0,1,0
ITEM-00001,震惊,0,0,0,1,3
ITEM-00002,内疚,0,0,1,0,1
ITEM-00002,平静,0,0,0,0,1
ITEM-00002,悲伤,0,0,1,0,0
ITEM-00002,愁闷,0,0,0,2,0
ITEM-00002,感动,0,0,1,9,6
ITEM-00002,感激,0,0,0,1,2
ITEM-00002,担忧,0,0,0,0,1
ITEM-00002,渴望,0,0,0,1,0
ITEM-00002,爱,0,0,0,1,1
ITEM-00002,痛苦,0,0,0,1,0
ITEM-00003,好奇,0,0,0,1,0
ITEM-00003,遗憾,0,0,0,2,0
ITEM-00004,冷静,0,0,0,0,1
ITEM-00004,审美欣赏,0,0,0,0,1
ITEM-00004,尴尬,0,0,2,17,7
ITEM-00004,平静,0,0,0,1,0
ITEM-00004,怀旧,0,0,0,1,0
ITEM-00004,渴望,0,0,1,0,0
ITEM-00004,遗憾,0,0,0,1,0
ITEM-00004,释然,0,0,1,0,0
ITEM-00004,震惊,0,0,1,0,0
ITEM-00005,好奇,0,0,0,0,1
ITEM-00005,审美欣赏,0,0,0,1,3
ITEM-00005,尴尬,0,0,0,1,0
ITEM-00005,惊讶,0,0,0,1,0
ITEM-00005,渴望,0,0,0,1,0
ITEM-00006,失望,0,0,0,1,0
ITEM-00006,紧张,0,0,1,2,2
ITEM-00007,不屑,0,0,1,0,0
ITEM-00007,共情痛苦,0,0,1,1,0
ITEM-00007,困惑,0,0,0,0,1
ITEM-00007,好奇,0,0,0,1,0
ITEM-00007,恐惧,0,1,0,0,0
ITEM-00007,惊讶,0,0,1,1,0
ITEM-00007,愁闷,0,0,0,1,0
ITEM-00007,担忧,0,0,0,1,0
ITEM-00007,焦虑,0,0,0,1,0
ITEM-00007,痛苦,0,0,0,1,1
ITEM-00008,共情痛苦,0,0,0,1,0
ITEM-00008,兴奋,0,0,1,0,0
ITEM-00008,兴趣,0,0,0,1,0
ITEM-00008,内疚,0,0,0,1,0
ITEM-00008,希望,0,0,1,0,0
ITEM-00008,悲伤,0,1,0,0,0
ITEM-00008,感动,0,0,1,0,0
ITEM-00008,绝望,0,0,1,0,0
ITEM-00009,兴奋,0,0,1,4,0
ITEM-00009,兴趣,0,0,1,0,0
ITEM-00009,冷静,0,0,0,1,0
ITEM-00009,好奇,0,1,0,0,0
ITEM-00009,快乐,0,0,1,0,1
ITEM-00009,惊喜,0,0,1,1,0
ITEM-00009,惊讶,0,0,1,1,0
ITEM-00009,愉悦,0,0,0,2,0
ITEM-00009,担忧,0,0,0,2,0
ITEM-00009,烦躁,0,1,0,0,0
ITEM-00009,紧张,0,0,4,8,2
ITEM-00009,轻松,0,0,0,0,1
ITEM-00009,释然,0,0,0,1,0
ITEM-00010,兴奋,0,2,3,13,9
ITEM-00010,兴趣,0,0,2,0,2
ITEM-00010,内疚,0,0,1,0,0
ITEM-00010,平静,0,0,0,1,0
ITEM-00010,快乐,0,0,0,2,1
ITEM-00010,惊喜,0,1,2,4,18
ITEM-00010,惊讶,0,0,1,1,0
ITEM-00010,愉悦,0,0,2,3,0
ITEM-00010,感动,0,0,0,1,0
ITEM-00010,感激,0,0,1,0,0
ITEM-00010,渴望,0,0,0,2,1
ITEM-00010,满足,0,0,2,1,0
ITEM-00010,自满,0,0,0,0,1
ITEM-00010,自豪,0,0,1,1,0
ITEM-00010,轻松,0,0,0,1,0
ITEM-00010,释然,0,1,0,0,0
ITEM-00010,震惊,0,0,0,1,1
ITEM-00011,平静,0,0,1,0,0
ITEM-00011,担忧,0,1,1,6,1
ITEM-00012,悲伤,0,0,0,1,0
ITEM-00012,愤怒,0,1,1,6,3
ITEM-00013,怨恨,0,0,0,1,1
ITEM-00013,愤怒,0,0,0,3,10
ITEM-00014,崇拜,0,0,1,2,4
ITEM-00014,愉悦,0,0,0,0,1
ITEM-00015,悲伤,0,0,0,0,1
ITEM-00015,焦虑,0,0,0,1,0
ITEM-00015,痛苦,0,0,0,0,1
ITEM-00015,紧张,0,0,0,1,0
ITEM-00015,绝望,0,0,0,0,1
ITEM-00015,释然,0,0,0,0,1
ITEM-00016,不屑,0,0,1,3,2
ITEM-00016,兴奋,0,0,1,0,0
ITEM-00016,蔑视,0,0,0,1,0
ITEM-00017,愤怒,0,0,0,3,2
ITEM-00017,敌意,0,0,1,0,0
ITEM-00018,共情痛苦,0,0,0,2,3
ITEM-00018,悲伤,0,0,0,0,1
ITEM-00019,厌倦,0,0,0,1,0
ITEM-00019,愁闷,0,0,1,1,0
ITEM-00019,烦躁,0,0,1,1,2
ITEM-00020,困惑,0,0,0,0,1
ITEM-00020,尴尬,0,0,0,3,2
ITEM-00020,愁闷,0,0,0,1,0
ITEM-00020,紧张,0,0,0,1,0
ITEM-00020,自满,0,0,0,0,1
ITEM-00020,震惊,0,0,0,1,0
ITEM-00021,兴趣,0,0,0,1,0
ITEM-00021,快乐,0,0,0,1,0
ITEM-00021,怀旧,0,0,0,0,1
ITEM-00021,惊喜,0,0,1,0,0
ITEM-00021,愁闷,0,0,1,0,0
ITEM-00021,感动,0,0,0,1,0
ITEM-00022,困惑,0,0,0,0,1
ITEM-00022,恐惧,0,0,0,1,0
ITEM-00022,惊讶,0,0,0,1,0
ITEM-00022,震惊,0,0,1,4,1
ITEM-00023,困惑,0,0,0,0,1
ITEM-00023,敌意,0,0,2,3,0
ITEM-00023,震惊,0,0,1,0,0
ITEM-00024,不屑,0,0,0,1,0
ITEM-00024,抑郁,0,0,0,1,0
ITEM-00024,紧张,0,0,0,0,1
ITEM-00025,怀旧,0,0,1,0,0
ITEM-00025,感动,0,0,0,0,1
ITEM-00025,痛苦,0,0,0,0,2
ITEM-00026,悲伤,0,0,0,3,2
ITEM-00026,抑郁,0,0,0,1,0
ITEM-00026,渴望,0,0,0,0,1
ITEM-00026,遗憾,0,0,0,1,0
ITEM-00027,好奇,0,0,2,0,0
ITEM-00027,快乐,0,0,0,2,2
ITEM-00027,愉悦,0,0,0,0,1
ITEM-00027,轻松,0,0,1,0,0
ITEM-00028,希望,0,0,0,1,0
ITEM-00028,悲伤,0,0,0,0,1
ITEM-00028,痛苦,0,0,0,0,1
ITEM-00029,共情痛苦,0,1,0,1,0
ITEM-00029,委屈,0,0,0,1,0
ITEM-00029,焦虑,0,0,0,0,1
ITEM-00029,痛苦,0,0,1,0,1
ITEM-00030,困惑,0,0,1,2,1
ITEM-00030,失望,0,0,0,1,0
ITEM-00030,委屈,0,0,0,1,0
ITEM-00030,审美欣赏,0,0,1,0,0
ITEM-00030,怀旧,0,1,0,0,0
ITEM-00032,兴趣,0,0,0,1,0
ITEM-00032,平静,0,0,0,1,0
ITEM-00032,愉悦,0,0,1,1,0
ITEM-00032,满足,0,0,0,1,0
ITEM-00033,惊讶,0,0,1,3,1
ITEM-00033,震惊,0,0,1,2,1
ITEM-00034,希望,0,0,0,0,1
ITEM-00034,爱,0,0,0,3,4
ITEM-00035,恐惧,0,0,0,0,1
ITEM-00035,惊讶,0,0,0,0,1
ITEM-00035,震惊,0,0,0,0,1
ITEM-00036,兴趣,0,0,1,0,0
ITEM-00036,困惑,1,0,0,0,0
ITEM-00036,担忧,0,0,1,1,0
ITEM-00036,敌意,0,0,0,1,0
ITEM-00036,释然,0,0,0,1,0
ITEM-00036,震惊,0,0,1,0,0
ITEM-00037,不屑,0,0,0,1,0
ITEM-00037,冷静,0,0,0,1,0
ITEM-00037,烦躁,0,0,1,0,0
ITEM-00037,绝望,0,0,0,1,0
ITEM-00037,蔑视,0,0,0,5,5
ITEM-00038,烦躁,0,0,0,1,0
ITEM-00038,自满,0,0,2,3,2
ITEM-00038,自豪,0,0,0,1,0
ITEM-00039,愁闷,0,0,0,0,1
ITEM-00039,焦虑,0,0,0,1,0
ITEM-00039,痛苦,0,0,0,7,4
ITEM-00040,委屈,0,0,0,0,1
ITEM-00040,怨恨,0,0,1,1,8
ITEM-00040,愤怒,0,0,0,1,3
ITEM-00040,敌意,0,0,0,1,0
ITEM-00041,不屑,0,0,0,1,0
ITEM-00041,委屈,0,0,0,1,0
ITEM-00041,嫉妒,0,0,0,2,1
ITEM-00041,怨恨,0,1,1,0,0
ITEM-00041,愁闷,0,0,0,0,1
ITEM-00041,愤怒,0,0,1,0,0
ITEM-00041,烦躁,0,1,0,0,0
ITEM-00041,绝望,0,0,0,0,1
ITEM-00041,自满,0,0,2,1,0
ITEM-00041,蔑视,0,0,0,1,0
ITEM-00041,遗憾,0,0,0,2,1
ITEM-00042,共情痛苦,0,0,1,1,0
ITEM-00042,冷静,0,0,1,1,0
ITEM-00042,困惑,0,0,0,0,1
ITEM-00042,失望,0,0,0,2,0
ITEM-00042,委屈,0,1,2,8,3
ITEM-00042,审美欣赏,0,1,0,0,0
ITEM-00042,平静,0,0,1,1,0
ITEM-00042,恐惧,0,0,1,1,0
ITEM-00042,悲伤,0,0,4,6,3
ITEM-00042,抑郁,0,0,0,1,0
ITEM-00042,担忧,0,0,0,0,1
ITEM-00042,渴望,0,0,1,0,0
ITEM-00042,焦虑,0,0,0,1,0
ITEM-00042,紧张,0,0,0,1,0
ITEM-00042,绝望,0,1,0,0,1
ITEM-00042,释然,0,0,0,0,1
ITEM-00042,震惊,0,0,0,1,1
ITEM-00043,内疚,0,0,0,1,0
ITEM-00043,怀旧,0,0,4,4,1
ITEM-00043,悲伤,0,0,0,2,1
ITEM-00043,惊喜,0,0,0,1,0
ITEM-00043,感动,0,0,0,0,1
ITEM-00043,担忧,0,1,0,0,0
ITEM-00043,渴望,0,0,0,1,0
ITEM-00043,爱,0,0,0,1,0
ITEM-00043,痛苦,0,0,1,0,0
ITEM-00043,紧张,0,0,0,1,0
ITEM-00043,绝望,1,0,0,0,0
ITEM-00043,遗憾,0,0,4,6,5
ITEM-00044,兴趣,0,0,0,1,0
ITEM-00044,冷静,0,0,0,1,0
ITEM-00044,好奇,0,0,0,2,0
ITEM-00044,平静,0,0,1,0,0
ITEM-00044,恐惧,0,1,0,1,0
ITEM-00044,惊讶,0,1,1,2,0
ITEM-00044,担忧,0,0,0,0,1
ITEM-00044,敌意,0,0,2,0,1
ITEM-00044,烦躁,0,0,0,2,0
ITEM-00044,紧张,0,0,1,7,11
ITEM-00044,遗憾,0,0,0,1,0
ITEM-00044,震惊,0,0,0,1,0
ITEM-00045,不屑,0,0,0,0,1
ITEM-00045,共情痛苦,0,0,1,0,0
ITEM-00045,内疚,0,0,1,0,0
ITEM-00045,困惑,0,0,0,2,0
ITEM-00045,委屈,0,0,0,1,1
ITEM-00045,怨恨,0,0,0,0,1
ITEM-00045,悲伤,0,0,0,1,0
ITEM-00045,惊讶,0,0,0,1,0
ITEM-00045,愁闷,0,0,0,2,0
ITEM-00045,愤怒,0,0,0,0,3
ITEM-00045,担忧,0,0,0,1,1
ITEM-00045,烦躁,0,0,2,0,0
ITEM-00045,焦虑,0,0,0,1,1
ITEM-00045,痛苦,0,1,0,0,0
ITEM-00045,紧张,0,0,1,4,4
ITEM-00046,不屑,0,0,0,0,1
ITEM-00046,内疚,0,0,3,1,1
ITEM-00046,厌倦,0,1,0,0,0
ITEM-00046,失望,0,0,1,0,0
ITEM-00046,委屈,0,0,1,0,0
ITEM-00046,恐惧,0,0,0,1,0
ITEM-00046,悲伤,0,0,3,4,3
ITEM-00046,惊讶,0,0,0,1,0
ITEM-00046,愁闷,0,0,1,0,0
ITEM-00046,抑郁,0,0,0,1,0
ITEM-00046,担忧,0,0,0,0,1
ITEM-00046,痛苦,0,0,0,0,2
ITEM-00046,蔑视,0,0,1,0,0
ITEM-00047,共情痛苦,0,0,0,0,1
ITEM-00047,兴奋,0,0,1,3,0
ITEM-00047,困惑,0,0,0,1,0
ITEM-00047,快乐,0,0,2,2,6
ITEM-00047,惊喜,0,1,0,4,4
ITEM-00047,惊讶,0,0,0,1,0
ITEM-00047,愉悦,0,0,2,5,4
ITEM-00047,感激,0,0,0,1,0
ITEM-00047,满足,0,1,0,1,0
ITEM-00047,轻松,0,0,0,0,1
ITEM-00048,困惑,0,0,1,0,0
ITEM-00048,愤怒,0,0,3,7,14
ITEM-00048,烦躁,0,0,0,1,1
ITEM-00048,焦虑,0,0,0,1,0
ITEM-00048,紧张,0,0,0,0,1
ITEM-00048,自满,0,0,1,0,0
ITEM-00048,蔑视,0,1,0,1,0
ITEM-00048,遗憾,0,0,0,1,0
ITEM-00048,震惊,0,0,0,1,0
ITEM-00049,不屑,0,1,0,1,0
ITEM-00049,共情痛苦,0,0,0,0,2
ITEM-00049,冷静,0,0,0,0,2
ITEM-00049,厌倦,0,1,0,0,0
ITEM-00049,厌恶,0,0,0,0,1
ITEM-00049,失望,0,0,0,1,0
ITEM-00049,希望,0,0,0,0,1
ITEM-00049,平静,0,0,1,1,0
ITEM-00049,快乐,0,0,0,1,0
ITEM-00049,敌意,0,2,2,7,7
ITEM-00049,渴望,0,0,1,0,0
ITEM-00049,爱,0,0,0,0,1
ITEM-00049,痛苦,0,0,1,0,0
ITEM-00049,绝望,0,0,0,1,0
ITEM-00049,自满,0,0,0,1,0
ITEM-00049,蔑视,0,0,1,2,1
ITEM-00049,轻松,0,0,1,0,0
ITEM-00049,遗憾,0,0,1,1,0
ITEM-00050,不屑,0,0,1,0,0
ITEM-00050,怨恨,0,0,2,8,7
ITEM-00050,悲伤,0,0,0,0,1
ITEM-00050,惊喜,0,0,1,0,0
ITEM-00050,愁闷,0,0,0,1,0
ITEM-00050,愤怒,0,0,0,1,0
ITEM-00050,抑郁,0,0,0,1,0
ITEM-00050,敌意,0,1,4,2,5
ITEM-00050,爱,0,0,1,0,0
ITEM-00050,痛苦,0,0,0,1,1
ITEM-00050,绝望,0,0,1,0,1
ITEM-00050,羞耻,0,0,0,1,0
ITEM-00051,不屑,0,0,0,1,0
ITEM-00051,兴奋,0,0,0,1,0
ITEM-00051,厌恶,0,0,1,1,0
ITEM-00051,委屈,0,0,0,0,1
ITEM-00051,悲伤,0,0,0,5,2
ITEM-00051,惊讶,0,0,1,0,0
ITEM-00051,愤怒,0,0,1,0,0
ITEM-00051,绝望,0,0,1,0,0
ITEM-00052,厌恶,0,0,1,0,1
ITEM-00052,失望,0,0,0,1,1
ITEM-00052,委屈,0,0,2,0,3
ITEM-00052,怨恨,0,0,0,0,1
ITEM-00052,悲伤,0,0,1,2,0
ITEM-00052,愤怒,0,0,0,0,1
ITEM-00052,痛苦,0,0,1,6,3
ITEM-00052,绝望,0,0,2,3,5
ITEM-00052,释然,0,0,1,0,0
ITEM-00052,震惊,0,0,0,0,1
ITEM-00053,共情痛苦,0,1,0,0,0
ITEM-00053,失望,0,0,0,1,0
ITEM-00053,委屈,0,0,1,2,1
ITEM-00053,希望,0,0,1,0,0
ITEM-00053,平静,0,0,1,0,0
ITEM-00053,恐惧,0,0,2,0,0
ITEM-00053,悲伤,0,0,0,10,1
ITEM-00053,愁闷,0,0,0,1,0
ITEM-00053,抑郁,0,0,2,1,0
ITEM-00053,渴望,0,0,0,1,0
ITEM-00053,焦虑,0,0,1,0,0
ITEM-00053,痛苦,0,1,0,0,0
ITEM-00053,绝望,0,1,1,4,5
ITEM-00053,遗憾,0,0,1,0,0
ITEM-00053,震惊,0,0,0,1,0
ITEM-00054,崇拜,1,0,0,0,0
ITEM-00054,希望,0,0,4,0,3
ITEM-00054,平静,0,0,0,0,1
ITEM-00054,快乐,0,1,0,0,0
ITEM-00054,惊喜,0,0,0,1,0
ITEM-00054,愉悦,0,1,0,3,5
ITEM-00054,感动,0,0,0,0,1
ITEM-00054,渴望,0,1,0,1,0
ITEM-00054,爱,0,0,0,0,1
ITEM-00054,自满,0,0,0,1,1
ITEM-00054,自豪,0,0,0,0,1
ITEM-00054,轻松,0,0,4,4,3
ITEM-00055,兴奋,0,0,4,1,2
ITEM-00055,兴趣,0,0,0,1,0
ITEM-00055,审美欣赏,0,0,0,0,1
ITEM-00055,崇拜,0,0,0,1,0
ITEM-00055,希望,0,0,2,0,0
ITEM-00055,平静,0,0,1,0,0
ITEM-00055,快乐,0,0,1,4,10
ITEM-00055,怀旧,0,0,1,0,0
ITEM-00055,愉悦,0,0,3,3,7
ITEM-00055,感激,0,0,0,1,0
ITEM-00055,渴望,0,0,0,1,0
ITEM-00055,满足,0,0,1,0,0
ITEM-00055,自豪,0,0,0,0,2
ITEM-00055,轻松,0,0,1,5,6
ITEM-00055,遗憾,1,0,0,0,0
ITEM-00056,共情痛苦,0,0,0,1,0
ITEM-00056,兴趣,0,0,0,0,1
ITEM-00056,厌倦,0,0,0,1,1
ITEM-00056,厌恶,0,0,1,0,0
ITEM-00056,好奇,0,0,1,0,0
ITEM-00056,审美欣赏,0,0,1,1,0
ITEM-00056,担忧,0,0,1,2,0
ITEM-00057,兴奋,0,0,0,0,1
ITEM-00057,困惑,0,0,1,0,0
ITEM-00057,快乐,0,0,0,1,1
ITEM-00057,惊喜,0,0,1,8,12
ITEM-00057,惊讶,0,0,0,1,0
ITEM-00057,烦躁,0,0,2,0,0
ITEM-00057,焦虑,0,0,0,1,0
ITEM-00057,痛苦,0,0,0,1,0
ITEM-00057,紧张,0,0,0,1,0
ITEM-00057,蔑视,0,0,0,1,0
ITEM-00057,轻松,0,0,1,0,0
ITEM-00058,共情痛苦,0,0,1,1,0
ITEM-00058,兴趣,0,0,2,1,0
ITEM-00058,困惑,0,0,0,1,0
ITEM-00058,好奇,0,0,1,0,1
ITEM-00058,希望,0,0,0,2,0
ITEM-00058,平静,0,0,0,1,0
ITEM-00058,怀旧,0,0,2,2,0
ITEM-00058,悲伤,0,1,1,1,0
ITEM-00058,惊喜,0,0,0,2,1
ITEM-00058,惊讶,0,0,1,0,0
ITEM-00058,愉悦,0,1,1,4,2
ITEM-00058,感动,0,0,0,3,4
ITEM-00058,渴望,0,0,1,0,0
ITEM-00058,爱,0,0,0,1,1
ITEM-00058,自满,0,0,0,0,1
ITEM-00058,自豪,0,1,0,0,1
ITEM-00058,轻松,0,0,0,0,1
ITEM-00058,遗憾,0,0,2,0,0
ITEM-00058,震惊,0,0,0,1,0
ITEM-00059,共情痛苦,0,0,1,0,0
ITEM-00059,烦躁,0,0,0,0,1
ITEM-00059,绝望,0,0,0,1,0
ITEM-00059,羞耻,0,0,1,3,5
ITEM-00060,共情痛苦,0,0,0,1,0
ITEM-00060,冷静,0,0,0,1,1
ITEM-00060,希望,0,0,0,1,0
ITEM-00060,感动,0,0,0,1,0
ITEM-00060,感激,0,0,1,0,2
ITEM-00060,担忧,0,0,1,0,0
ITEM-00060,轻松,0,0,1,0,0
ITEM-00060,遗憾,0,0,1,0,0
ITEM-00061,兴奋,0,0,0,1,1
ITEM-00061,兴趣,0,0,2,0,0
ITEM-00061,崇拜,0,0,0,1,0
ITEM-00061,希望,0,0,1,0,0
ITEM-00061,快乐,0,1,1,8,7
ITEM-00061,惊喜,0,0,0,2,0
ITEM-00061,愉悦,0,0,1,9,7
ITEM-00061,渴望,0,1,1,0,1
ITEM-00061,满足,0,0,2,1,1
ITEM-00061,爱,0,0,1,0,1
ITEM-00061,羡慕,0,0,1,0,0
ITEM-00061,自豪,0,1,1,0,0
ITEM-00061,轻松,0,0,1,1,0
ITEM-00062,快乐,0,0,0,0,1
ITEM-00062,惊喜,0,0,0,2,6
ITEM-00062,爱,0,0,0,1,0
ITEM-00063,好奇,0,0,0,1,0
ITEM-00063,审美欣赏,0,0,1,1,0
ITEM-00063,崇拜,0,0,1,1,0
ITEM-00063,希望,0,1,0,0,1
ITEM-00063,快乐,0,0,0,1,1
ITEM-00063,惊喜,0,0,0,1,0
ITEM-00063,愉悦,0,0,2,6,2
ITEM-00063,感动,0,1,0,0,0
ITEM-00063,渴望,0,0,1,2,0
ITEM-00063,爱,0,0,0,0,1
ITEM-00063,羡慕,0,0,0,1,0
ITEM-00063,自豪,0,1,0,0,0
ITEM-00063,轻松,0,0,3,3,2
ITEM-00064,兴奋,0,0,1,0,0
ITEM-00064,兴趣,0,0,0,0,1
ITEM-00064,厌倦,0,0,0,1,0
ITEM-00064,好奇,0,0,0,1,0
ITEM-00064,审美欣赏,0,0,0,1,0
ITEM-00064,希望,0,0,0,0,1
ITEM-00064,快乐,0,0,1,0,0
ITEM-00064,惊喜,0,0,0,0,2
ITEM-00064,惊讶,0,0,0,1,0
ITEM-00064,愉悦,0,0,4,3,3
ITEM-00064,感动,0,0,0,2,0
ITEM-00064,感激,0,0,0,1,0
ITEM-00064,渴望,0,0,0,1,1
ITEM-00064,烦躁,0,0,0,1,0
ITEM-00064,爱,0,0,0,1,0
ITEM-00064,羡慕,0,0,0,1,0
ITEM-00064,释然,0,0,3,4,0
ITEM-00064,震惊,0,0,1,0,0
ITEM-00065,共情痛苦,0,0,0,1,0
ITEM-00065,内疚,0,0,1,1,0
ITEM-00065,厌倦,0,1,0,0,0
ITEM-00065,怨恨,0,0,0,0,1
ITEM-00065,悲伤,0,1,4,3,7
ITEM-00065,感动,0,0,1,1,1
ITEM-00065,抑郁,0,1,1,1,1
ITEM-00065,担忧,0,0,1,0,1
ITEM-00065,焦虑,0,0,0,1,0
ITEM-00065,紧张,0,0,1,0,0
ITEM-00065,遗憾,0,0,2,5,5
ITEM-00065,释然,1,0,1,3,0
ITEM-00066,怨恨,0,0,1,0,0
ITEM-00066,恐惧,0,0,1,1,0
ITEM-00066,悲伤,0,0,2,4,8
ITEM-00066,愁闷,0,0,1,0,0
ITEM-00066,担忧,0,0,2,0,0
ITEM-00066,渴望,0,0,1,1,1
ITEM-00066,焦虑,0,0,1,0,0
ITEM-00066,痛苦,0,0,3,6,4
ITEM-00066,绝望,1,0,5,3,2
ITEM-00067,兴奋,0,0,1,0,0
ITEM-00067,怀旧,0,0,1,0,0
ITEM-00067,感动,0,0,1,0,0
ITEM-00067,紧张,0,0,0,1,0
ITEM-00067,震惊,0,0,2,1,2
ITEM-00068,不屑,0,1,5,8,14
ITEM-00068,兴奋,0,0,0,0,1
ITEM-00068,厌倦,0,0,0,0,1
ITEM-00068,厌恶,0,2,4,4,5
ITEM-00068,好奇,0,0,1,1,0
ITEM-00068,审美欣赏,0,1,0,0,0
ITEM-00068,怨恨,0,0,0,1,0
ITEM-00068,愤怒,0,1,0,2,0
ITEM-00068,敌意,0,0,1,2,1
ITEM-00068,满足,0,0,0,1,0
ITEM-00068,烦躁,0,0,0,2,3
ITEM-00068,紧张,0,0,1,0,0
ITEM-00068,自满,0,0,0,1,0
ITEM-00068,自豪,0,0,0,0,1
ITEM-00068,蔑视,1,0,2,1,1
ITEM-00069,共情痛苦,0,0,0,1,0
ITEM-00069,希望,0,0,0,0,1
ITEM-00069,快乐,0,0,0,1,0
ITEM-00069,怀旧,0,0,0,2,0
ITEM-00069,愉悦,0,0,2,7,3
ITEM-00069,感动,0,1,0,0,1
ITEM-00069,感激,0,0,3,3,2
ITEM-00069,抑郁,0,0,0,1,0
ITEM-00069,渴望,0,0,0,1,0
ITEM-00069,满足,0,0,0,2,0
ITEM-00069,爱,0,1,2,9,9
ITEM-00069,遗憾,0,0,0,1,1
ITEM-00070,不屑,0,0,0,1,0
ITEM-00070,冷静,0,0,0,1,0
ITEM-00070,厌倦,0,0,2,0,0
ITEM-00070,困惑,1,2,4,13,9
ITEM-00070,失望,0,0,0,1,0
ITEM-00070,委屈,0,0,0,2,4
ITEM-00070,嫉妒,0,0,0,0,1
ITEM-00070,怨恨,0,1,0,0,2
ITEM-00070,恐惧,0,0,0,1,0
ITEM-00070,悲伤,0,0,0,0,2
ITEM-00070,惊讶,0,0,0,1,0
ITEM-00070,愁闷,0,0,1,2,1
ITEM-00070,愤怒,0,0,1,1,1
ITEM-00070,敌意,0,0,0,1,1
ITEM-00070,渴望,0,0,1,1,0
ITEM-00070,烦躁,1,0,0,2,0
ITEM-00070,痛苦,0,1,7,11,3
ITEM-00070,绝望,0,0,0,1,1
ITEM-00070,蔑视,0,0,0,1,0
ITEM-00070,遗憾,0,0,0,1,0
ITEM-00070,震惊,0,0,0,0,1
ITEM-00071,困惑,0,0,0,1,0
ITEM-00071,失望,1,0,1,4,8
ITEM-00071,委屈,0,0,1,2,0
ITEM-00071,悲伤,0,0,0,3,0
ITEM-00071,愁闷,0,1,1,1,0
ITEM-00071,抑郁,0,0,1,0,0
ITEM-00071,担忧,0,0,0,2,1
ITEM-00071,敌意,0,0,0,1,0
ITEM-00071,焦虑,0,0,0,1,0
ITEM-00071,痛苦,0,1,0,1,0
ITEM-00071,紧张,0,0,0,1,0
ITEM-00071,绝望,0,0,0,1,0
ITEM-00071,遗憾,0,1,0,1,0
ITEM-00071,释然,0,1,0,1,0
ITEM-00071,震惊,0,1,1,1,2
ITEM-00072,兴趣,0,0,0,0,1
ITEM-00072,冷静,0,0,1,1,0
ITEM-00072,好奇,0,0,0,1,0
ITEM-00072,希望,0,0,1,7,5
ITEM-00072,快乐,0,0,0,0,1
ITEM-00072,愉悦,0,0,1,6,2
ITEM-00072,感动,0,0,0,1,0
ITEM-00072,感激,0,0,1,0,1
ITEM-00072,满足,0,0,3,7,10
ITEM-00072,自豪,0,0,0,0,1
ITEM-00072,轻松,0,0,5,11,6
ITEM-00072,释然,0,0,0,1,2
ITEM-00073,共情痛苦,0,0,0,2,0
ITEM-00073,内疚,0,1,0,0,0
ITEM-00073,崇拜,0,0,0,1,0
ITEM-00073,希望,0,0,0,2,0
ITEM-00073,愉悦,0,0,0,1,0
ITEM-00073,感动,0,0,2,7,7
ITEM-00073,感激,0,0,0,2,0
ITEM-00073,渴望,0,0,1,1,0
ITEM-00073,爱,0,0,2,3,0
ITEM-00073,羡慕,0,1,0,0,0
ITEM-00073,自豪,0,0,0,2,0
ITEM-00073,遗憾,0,0,0,2,0
ITEM-00073,释然,0,0,1,0,0
ITEM-00074,不屑,0,0,0,1,0
ITEM-00074,共情痛苦,0,0,0,0,1
ITEM-00074,兴奋,0,0,0,1,0
ITEM-00074,自豪,0,0,1,6,4
ITEM-00075,不屑,0,0,0,1,0
ITEM-00075,共情痛苦,0,0,0,1,0
ITEM-00075,厌倦,0,0,1,0,0
ITEM-00075,厌恶,0,0,3,1,1
ITEM-00075,失望,0,1,2,1,0
ITEM-00075,好奇,0,0,0,0,1
ITEM-00075,怨恨,0,0,1,2,0
ITEM-00075,恐惧,0,1,0,0,0
ITEM-00075,惊喜,0,0,0,1,0
ITEM-00075,惊讶,0,0,1,0,1
ITEM-00075,愁闷,0,1,0,0,0
ITEM-00075,愤怒,0,0,5,9,5
ITEM-00075,担忧,0,1,0,0,0
ITEM-00075,敌意,0,0,0,1,0
ITEM-00075,渴望,0,0,1,0,0
ITEM-00075,烦躁,0,0,0,1,0
ITEM-00075,痛苦,0,0,0,0,1
ITEM-00075,紧张,0,0,0,0,2
ITEM-00075,绝望,0,0,0,0,1
ITEM-00075,震惊,0,0,1,10,7
ITEM-00076,共情痛苦,0,0,1,1,0
ITEM-00076,厌恶,0,0,1,1,0
ITEM-00076,困惑,0,0,0,1,0
ITEM-00076,失望,0,0,1,1,1
ITEM-00076,委屈,0,0,1,0,0
ITEM-00076,嫉妒,0,0,0,1,0
ITEM-00076,尴尬,0,0,1,0,1
ITEM-00076,希望,0,0,1,0,0
ITEM-00076,怨恨,0,1,0,1,1
ITEM-00076,悲伤,0,0,2,0,0
ITEM-00076,愉悦,0,0,1,0,0
ITEM-00076,愤怒,0,0,0,1,1
ITEM-00076,敌意,0,0,1,2,0
ITEM-00076,烦躁,0,0,3,8,5
ITEM-00076,痛苦,1,0,0,1,0
ITEM-00076,绝望,0,1,0,1,0
ITEM-00076,羞耻,0,2,0,1,0
ITEM-00076,遗憾,0,0,1,0,0
ITEM-00076,震惊,1,0,0,1,1
ITEM-00077,不屑,0,0,2,0,0
ITEM-00077,厌倦,0,2,4,5,2
ITEM-00077,厌恶,0,0,1,1,0
ITEM-00077,困惑,0,0,3,0,0
ITEM-00077,失望,1,0,0,1,0
ITEM-00077,委屈,0,0,1,0,1
ITEM-00077,尴尬,0,0,0,1,0
ITEM-00077,怀旧,0,0,0,1,0
ITEM-00077,怨恨,0,0,0,0,1
ITEM-00077,惊讶,0,0,0,1,0
ITEM-00077,愤怒,0,1,1,1,0
ITEM-00077,敌意,0,1,0,0,0
ITEM-00077,烦躁,0,0,2,7,10
ITEM-00077,焦虑,0,0,1,0,0
ITEM-00077,绝望,0,1,0,0,0
ITEM-00077,蔑视,0,0,0,1,0
ITEM-00078,共情痛苦,0,0,0,1,0
ITEM-00078,兴奋,0,1,0,0,0
ITEM-00078,内疚,0,1,6,8,3
ITEM-00078,冷静,0,0,1,0,0
ITEM-00078,厌倦,0,0,1,0,0
ITEM-00078,厌恶,0,0,1,1,0
ITEM-00078,失望,0,0,2,0,0
ITEM-00078,委屈,0,0,0,4,7
ITEM-00078,审美欣赏,0,0,0,1,0
ITEM-00078,尴尬,0,0,2,0,0
ITEM-00078,希望,0,0,0,1,0
ITEM-00078,怀旧,0,0,0,1,0
ITEM-00078,怨恨,1,0,0,0,1
ITEM-00078,恐惧,0,2,0,1,0
ITEM-00078,悲伤,0,3,8,19,21
ITEM-00078,愁闷,0,0,3,2,2
ITEM-00078,感激,0,0,1,0,0
ITEM-00078,愤怒,0,0,0,1,0
ITEM-00078,抑郁,0,0,0,1,0
ITEM-00078,担忧,0,0,2,3,0
ITEM-00078,烦躁,0,2,1,0,1
ITEM-00078,焦虑,0,0,1,2,1
ITEM-00078,爱,0,0,2,0,0
ITEM-00078,痛苦,0,1,2,2,2
ITEM-00078,紧张,0,0,0,1,1
ITEM-00078,绝望,1,0,0,1,1
ITEM-00078,羞耻,0,0,1,1,0
ITEM-00078,遗憾,0,0,1,0,1
ITEM-00079,兴趣,0,0,1,0,0
ITEM-00079,内疚,0,0,0,1,0
ITEM-00079,冷静,0,1,1,1,0
ITEM-00079,厌恶,0,1,0,0,0
ITEM-00079,困惑,0,0,1,2,0
ITEM-00079,失望,0,1,0,2,1
ITEM-00079,好奇,0,1,0,0,0
ITEM-00079,委屈,0,1,5,10,11
ITEM-00079,尴尬,0,0,0,2,0
ITEM-00079,平静,0,1,0,1,1
ITEM-00079,怨恨,0,0,0,2,0
ITEM-00079,恐惧,0,1,0,1,1
ITEM-00079,悲伤,1,2,2,8,3
ITEM-00079,愁闷,0,0,0,1,1
ITEM-00079,担忧,0,0,3,1,0
ITEM-00079,渴望,0,0,1,0,0
ITEM-00079,烦躁,0,0,0,1,0
ITEM-00079,紧张,1,1,0,0,0
ITEM-00079,绝望,0,0,0,1,1
ITEM-00079,羞耻,0,1,0,0,0
ITEM-00080,共情痛苦,0,0,2,0,0
ITEM-00080,兴奋,0,0,1,0,0
ITEM-00080,冷静,0,0,0,1,1
ITEM-00080,困惑,0,0,0,0,1
ITEM-00080,失望,0,0,1,0,0
ITEM-00080,委屈,0,0,1,1,0
ITEM-00080,尴尬,0,0,1,0,0
ITEM-00080,希望,0,0,1,0,0
ITEM-00080,平静,0,0,0,0,1
ITEM-00080,怀旧,0,2,5,4,6
ITEM-00080,悲伤,0,0,2,3,1
ITEM-00080,惊讶,0,0,0,1,0
ITEM-00080,愁闷,0,0,1,1,0
ITEM-00080,愉悦,0,0,3,0,1
ITEM-00080,感动,0,0,0,3,0
ITEM-00080,渴望,0,0,1,0,0
ITEM-00080,痛苦,0,0,0,0,1
ITEM-00080,紧张,0,0,0,1,0
ITEM-00080,羞耻,0,0,0,1,0
ITEM-00080,遗憾,0,2,5,8,12
ITEM-00080,释然,0,0,0,1,1
ITEM-00081,共情痛苦,0,0,2,2,1
ITEM-00081,兴趣,0,0,1,1,0
ITEM-00081,内疚,0,1,1,1,0
ITEM-00081,厌倦,0,0,0,1,0
ITEM-00081,审美欣赏,0,3,3,8,6
ITEM-00081,怀旧,0,1,2,8,4
ITEM-00081,愁闷,0,0,1,0,0
ITEM-00081,感动,1,0,0,0,1
ITEM-00081,抑郁,0,0,2,0,0
ITEM-00081,满足,0,0,1,0,0
ITEM-00081,蔑视,0,0,1,0,0
ITEM-00081,轻松,0,0,0,1,0
ITEM-00081,遗憾,0,0,1,1,0
ITEM-00081,释然,0,0,2,0,0
ITEM-00081,震惊,0,0,1,0,0
ITEM-00082,内疚,0,0,0,1,0
ITEM-00082,冷静,0,0,1,0,0
ITEM-00082,审美欣赏,0,0,1,0,0
ITEM-00082,尴尬,0,0,0,2,0
ITEM-00082,恐惧,0,0,0,0,1
ITEM-00082,惊讶,1,0,0,0,1
ITEM-00082,愁闷,0,0,0,1,0
ITEM-00082,感动,0,0,0,1,0
ITEM-00082,担忧,0,0,1,0,0
ITEM-00082,敌意,0,0,1,0,1
ITEM-00082,焦虑,0,0,2,5,1
ITEM-00082,痛苦,0,1,0,0,0
ITEM-00082,紧张,0,0,4,2,7
ITEM-00083,兴奋,0,0,0,1,0
ITEM-00083,好奇,0,0,0,0,1
ITEM-00083,审美欣赏,0,0,0,2,0
ITEM-00083,希望,0,0,1,1,0
ITEM-00083,平静,0,1,0,0,0
ITEM-00083,怀旧,0,0,0,1,0
ITEM-00083,愉悦,0,0,2,0,0
ITEM-00083,渴望,0,0,0,1,0
ITEM-00083,满足,0,0,0,1,0
ITEM-00083,爱,0,0,1,11,4
ITEM-00083,紧张,0,1,0,1,0
ITEM-00083,蔑视,0,0,1,0,0
ITEM-00083,轻松,0,0,1,0,1
ITEM-00083,遗憾,0,0,1,1,0
ITEM-00083,释然,0,1,1,3,1
ITEM-00084,不屑,0,0,1,0,0
ITEM-00084,内疚,0,0,1,1,0
ITEM-00084,冷静,0,0,1,0,0
ITEM-00084,厌倦,0,0,0,0,1
ITEM-00084,厌恶,0,0,0,2,0
ITEM-00084,困惑,0,0,0,1,1
ITEM-00084,失望,0,0,1,3,1
ITEM-00084,委屈,0,0,0,3,1
ITEM-00084,嫉妒,0,0,2,3,0
ITEM-00084,尴尬,0,0,1,0,1
ITEM-00084,快乐,0,0,1,0,0
ITEM-00084,怨恨,0,1,0,3,2
ITEM-00084,悲伤,0,0,1,1,0
ITEM-00084,惊讶,0,0,0,0,1
ITEM-00084,愁闷,0,0,0,2,1
ITEM-00084,愤怒,0,0,0,2,4
ITEM-00084,担忧,0,0,0,1,0
ITEM-00084,敌意,0,0,1,1,0
ITEM-00084,烦躁,0,1,5,7,11
ITEM-00084,焦虑,0,0,0,1,2
ITEM-00084,痛苦,0,0,1,1,0
ITEM-00084,绝望,0,0,1,0,0
ITEM-00084,羞耻,0,0,3,3,1
ITEM-00084,蔑视,1,0,0,3,0
ITEM-00084,震惊,0,0,2,1,1
ITEM-00085,兴奋,0,0,4,1,7
ITEM-00085,委屈,0,0,1,0,0
ITEM-00085,希望,0,0,0,0,1
ITEM-00085,快乐,0,0,0,0,1
ITEM-00085,惊喜,0,0,1,0,0
ITEM-00085,惊讶,0,0,0,1,0
ITEM-00085,愉悦,0,0,0,1,0
ITEM-00085,感动,0,0,1,0,1
ITEM-00085,感激,0,0,0,1,0
ITEM-00085,满足,0,0,0,3,0
ITEM-00085,爱,0,0,0,0,2
ITEM-00085,自豪,0,0,2,4,7
ITEM-00086,不屑,0,0,1,1,1
ITEM-00086,共情痛苦,0,0,0,1,0
ITEM-00086,厌倦,0,3,6,13,7
ITEM-00086,厌恶,0,0,0,1,1
ITEM-00086,困惑,0,0,1,0,0
ITEM-00086,失望,0,0,0,1,1
ITEM-00086,委屈,0,0,1,0,0
ITEM-00086,嫉妒,0,0,2,0,0
ITEM-00086,怨恨,0,1,0,1,1
ITEM-00086,愤怒,0,0,0,2,0
ITEM-00086,敌意,0,1,2,4,1
ITEM-00086,烦躁,0,0,6,16,21
ITEM-00086,羞耻,0,0,0,0,1
ITEM-00086,自豪,0,0,0,0,1
ITEM-00086,蔑视,0,1,3,1,0
ITEM-00086,轻松,0,0,1,0,0
ITEM-00086,释然,0,0,0,1,0
ITEM-00086,震惊,0,0,2,1,0
ITEM-00087,兴奋,0,0,2,4,5
ITEM-00087,兴趣,0,0,0,2,0
ITEM-00087,好奇,0,0,1,1,1
ITEM-00087,崇拜,0,0,0,1,0
ITEM-00087,希望,0,0,1,0,0
ITEM-00087,快乐,0,0,0,2,2
ITEM-00087,惊喜,0,1,2,4,5
ITEM-00087,愉悦,0,0,0,3,0
ITEM-00087,感动,0,0,1,1,0
ITEM-00087,满足,0,0,0,0,2
ITEM-00087,爱,0,1,2,2,8
ITEM-00087,遗憾,0,0,1,0,0
ITEM-00087,震惊,0,0,0,1,0
ITEM-00088,兴奋,0,1,3,8,10
ITEM-00088,快乐,0,0,5,6,9
ITEM-00088,惊喜,1,0,5,7,6
ITEM-00088,惊讶,0,0,1,0,0
ITEM-00088,愉悦,0,0,0,0,2
ITEM-00088,爱,0,0,5,8,5
ITEM-00088,轻松,0,0,0,0,1
ITEM-00089,兴奋,0,0,0,1,0
ITEM-00089,内疚,0,0,1,0,0
ITEM-00089,厌恶,0,0,0,0,1
ITEM-00089,同情,0,0,3,5,5
ITEM-00089,困惑,0,0,0,0,2
ITEM-00089,失望,0,0,0,0,1
ITEM-00089,委屈,0,0,1,0,0
ITEM-00089,悲伤,0,0,4,5,6
ITEM-00089,感激,0,0,0,1,0
ITEM-00089,抑郁,0,0,0,1,0
ITEM-00089,担忧,0,0,3,6,4
ITEM-00089,敌意,0,0,0,0,1
ITEM-00089,痛苦,0,0,2,0,0
ITEM-00089,紧张,0,0,1,0,0
ITEM-00089,震惊,0,0,1,2,1
ITEM-00090,共情痛苦,0,0,0,0,1
ITEM-00090,兴奋,0,0,0,1,0
ITEM-00090,内疚,0,0,0,2,0
ITEM-00090,厌恶,0,0,0,2,1
ITEM-00090,困惑,0,0,1,1,0
ITEM-00090,失望,0,1,4,11,5
ITEM-00090,委屈,0,1,0,0,0
ITEM-00090,希望,0,0,0,1,0
ITEM-00090,怨恨,0,0,2,11,12
ITEM-00090,恐惧,0,1,0,0,0
ITEM-00090,悲伤,0,0,0,2,0
ITEM-00090,愁闷,0,0,1,0,0
ITEM-00090,愤怒,0,0,0,0,1
ITEM-00090,抑郁,0,0,0,1,0
ITEM-00090,敌意,0,0,0,3,0
ITEM-00090,烦躁,0,0,0,2,0
ITEM-00090,焦虑,0,0,1,0,0
ITEM-00090,痛苦,0,0,1,2,1
ITEM-00090,紧张,0,0,1,0,0
ITEM-00090,绝望,0,0,1,2,1
ITEM-00090,遗憾,0,0,0,2,0
ITEM-00090,震惊,0,0,0,0,1
ITEM-00091,不屑,0,0,1,0,0
ITEM-00091,共情痛苦,0,0,0,4,0
ITEM-00091,兴奋,0,0,0,0,1
ITEM-00091,内疚,0,0,3,5,6
ITEM-00091,厌倦,0,0,1,0,0
ITEM-00091,失望,0,0,0,1,1
ITEM-00091,委屈,0,0,0,1,2
ITEM-00091,恐惧,0,0,0,0,1
ITEM-00091,悲伤,0,0,1,0,1
ITEM-00091,抑郁,0,0,1,0,0
ITEM-00091,担忧,0,0,0,2,1
ITEM-00091,渴望,0,0,0,1,0
ITEM-00091,烦躁,0,1,1,1,0
ITEM-00091,痛苦,0,0,3,8,11
ITEM-00091,紧张,0,0,1,0,1
ITEM-00091,绝望,0,1,0,0,1
ITEM-00091,遗憾,1,0,0,0,0
ITEM-00091,震惊,0,0,1,0,0
ITEM-00092,共情痛苦,0,0,0,1,0
ITEM-00092,内疚,0,0,1,6,13
ITEM-00092,委屈,0,0,0,0,1
ITEM-00092,怀旧,0,0,0,1,0
ITEM-00092,悲伤,1,0,1,7,16
ITEM-00092,愁闷,0,0,0,1,1
ITEM-00092,抑郁,0,0,1,0,0
ITEM-00092,担忧,0,0,0,1,0
ITEM-00092,烦躁,0,0,0,2,0
ITEM-00092,爱,0,0,0,1,1
ITEM-00092,痛苦,1,0,2,10,8
ITEM-00092,羞耻,1,0,0,0,0
ITEM-00092,遗憾,0,0,1,1,1
ITEM-00093,共情痛苦,0,0,0,2,0
ITEM-00093,内疚,0,0,0,1,0
ITEM-00093,困惑,0,0,1,1,0
ITEM-00093,失望,0,1,1,1,0
ITEM-00093,委屈,0,3,8,9,6
ITEM-00093,审美欣赏,0,0,1,0,0
ITEM-00093,怨恨,0,0,0,1,0
ITEM-00093,恐惧,0,0,0,1,0
ITEM-00093,悲伤,0,0,7,7,12
ITEM-00093,愁闷,0,0,1,1,0
ITEM-00093,感动,0,1,1,0,1
ITEM-00093,满足,0,0,1,0,0
ITEM-00093,烦躁,1,0,0,1,0
ITEM-00093,焦虑,0,0,1,2,0
ITEM-00093,痛苦,0,0,0,0,2
ITEM-00093,紧张,0,0,1,2,0
ITEM-00093,绝望,0,0,3,1,0
ITEM-00093,遗憾,0,0,2,0,0
ITEM-00093,释然,0,0,1,0,0
ITEM-00094,共情痛苦,0,0,1,0,0
ITEM-00094,兴趣,0,0,3,7,3
ITEM-00094,厌恶,0,0,0,1,0
ITEM-00094,好奇,0,0,0,1,1
ITEM-00094,审美欣赏,0,0,0,0,1
ITEM-00094,尴尬,0,0,1,1,0
ITEM-00094,希望,1,0,0,0,0
ITEM-00094,平静,0,0,1,0,0
ITEM-00094,快乐,0,0,0,1,0
ITEM-00094,怀旧,0,0,1,0,0
ITEM-00094,愉悦,0,0,0,2,0
ITEM-00094,愤怒,0,0,1,0,0
ITEM-00094,担忧,0,1,0,0,0
ITEM-00094,渴望,0,0,1,1,3
ITEM-00094,爱,0,0,1,0,0
ITEM-00094,紧张,0,1,0,0,0
ITEM-00094,轻松,0,0,1,2,0
ITEM-00094,释然,0,0,0,1,0
ITEM-00094,震惊,0,0,1,0,0
ITEM-00095,共情痛苦,0,0,0,0,1
ITEM-00095,内疚,0,0,2,2,22
ITEM-00095,厌倦,0,0,1,0,0
ITEM-00095,委屈,0,1,1,0,0
ITEM-00095,希望,0,0,0,0,1
ITEM-00095,恐惧,0,0,0,1,0
ITEM-00095,悲伤,0,0,0,1,2
ITEM-00095,抑郁,0,0,1,1,0
ITEM-00095,焦虑,0,0,1,0,0
ITEM-00095,爱,0,0,0,1,0
ITEM-00095,痛苦,0,0,3,11,9
ITEM-00095,紧张,0,0,1,0,0
ITEM-00095,绝望,0,0,0,1,0
ITEM-00095,羞耻,0,0,1,2,0
ITEM-00095,遗憾,1,1,0,2,1
ITEM-00096,兴奋,0,0,0,1,0
ITEM-00096,兴趣,0,1,0,0,1
ITEM-00096,好奇,0,0,0,0,1
ITEM-00096,审美欣赏,0,0,8,7,14
ITEM-00096,希望,0,0,3,1,0
ITEM-00096,平静,0,1,1,1,3
ITEM-00096,快乐,0,0,0,3,4
ITEM-00096,怀旧,0,1,0,0,0
ITEM-00096,惊喜,0,0,0,3,0
ITEM-00096,愉悦,0,0,1,12,18
ITEM-00096,感激,0,0,1,0,1
ITEM-00096,渴望,0,0,1,0,0
ITEM-00096,满足,0,0,1,1,4
ITEM-00096,爱,0,0,0,2,2
ITEM-00096,自满,0,1,1,0,0
ITEM-00096,轻松,0,0,2,2,0
ITEM-00096,释然,0,0,0,1,0
ITEM-00096,震惊,0,0,1,0,0
ITEM-00097,冷静,0,0,1,0,0
ITEM-00097,厌倦,0,0,1,1,1
ITEM-00097,厌恶,0,0,1,0,0
ITEM-00097,嫉妒,0,0,0,1,0
ITEM-00097,审美欣赏,0,0,0,1,0
ITEM-00097,希望,0,0,1,1,0
ITEM-00097,平静,0,0,1,2,0
ITEM-00097,快乐,0,1,2,4,1
ITEM-00097,怀旧,0,0,2,2,0
ITEM-00097,恐惧,0,1,0,0,0
ITEM-00097,愁闷,0,0,0,0,1
ITEM-00097,愉悦,0,0,1,2,1
ITEM-00097,担忧,0,0,1,0,0
ITEM-00097,敌意,0,0,0,2,0
ITEM-00097,渴望,0,0,1,0,0
ITEM-00097,满足,0,0,0,2,1
ITEM-00097,烦躁,0,0,0,1,0
ITEM-00097,紧张,0,0,0,1,0
ITEM-00097,绝望,0,0,0,1,0
ITEM-00097,自满,0,0,0,1,1
ITEM-00097,自豪,0,0,4,0,0
ITEM-00097,蔑视,0,1,0,1,1
ITEM-00097,轻松,0,1,3,10,5
ITEM-00097,遗憾,0,0,0,1,1
ITEM-00097,释然,0,0,1,0,0
ITEM-00098,共情痛苦,0,0,1,0,0
ITEM-00098,兴趣,0,0,0,0,1
ITEM-00098,审美欣赏,0,0,0,1,0
ITEM-00098,平静,0,0,0,0,1
ITEM-00098,快乐,0,0,2,1,2
ITEM-00098,愉悦,0,0,0,1,1
ITEM-00098,感激,0,3,2,2,2
ITEM-00098,担忧,0,0,1,0,0
ITEM-00098,渴望,0,0,1,0,0
ITEM-00098,满足,0,0,0,8,4
ITEM-00098,烦躁,0,0,1,0,0
ITEM-00098,爱,0,0,0,1,0
ITEM-00098,紧张,0,0,1,1,0
ITEM-00098,自满,0,0,0,1,0
ITEM-00098,自豪,1,1,3,8,8
ITEM-00098,震惊,0,1,0,1,0
ITEM-00100,不屑,0,0,6,9,5
ITEM-00100,兴奋,0,0,0,1,0
ITEM-00100,内疚,0,0,0,0,1
ITEM-00100,厌恶,0,0,1,2,0
ITEM-00100,好奇,1,0,0,0,0
ITEM-00100,委屈,0,0,1,0,0
ITEM-00100,希望,0,0,1,0,0
ITEM-00100,平静,0,0,0,1,0
ITEM-00100,得意,1,1,2,8,7
ITEM-00100,快乐,0,0,1,0,0
ITEM-00100,怨恨,0,0,0,1,0
ITEM-00100,悲伤,0,0,1,0,0
ITEM-00100,惊讶,0,0,0,1,0
ITEM-00100,愁闷,0,0,0,1,0
ITEM-00100,抑郁,0,0,0,1,0
ITEM-00100,担忧,0,0,0,0,1
ITEM-00100,满足,0,0,0,1,0
ITEM-00100,烦躁,0,0,1,2,1
ITEM-00100,焦虑,0,1,0,0,0
ITEM-00100,绝望,0,0,0,1,1
ITEM-00100,自满,0,0,0,1,3
ITEM-00100,自豪,0,0,0,2,0
ITEM-00100,蔑视,0,0,1,1,1
ITEM-00100,轻松,0,1,1,2,1
ITEM-00100,遗憾,0,0,1,0,0
ITEM-00100,震惊,0,0,0,2,0
ITEM-00101,不屑,0,0,2,0,1
ITEM-00101,厌恶,0,0,0,2,0
ITEM-00101,困惑,0,2,6,6,1
ITEM-00101,失望,0,1,0,0,1
ITEM-00101,委屈,0,0,2,0,0
ITEM-00101,尴尬,0,1,1,8,7
ITEM-00101,惊喜,0,0,1,0,0
ITEM-00101,惊讶,0,1,1,3,0
ITEM-00101,愁闷,0,0,0,2,0
ITEM-00101,愤怒,0,0,2,0,0
ITEM-00101,敌意,0,0,0,1,1
ITEM-00101,焦虑,0,0,1,0,0
ITEM-00101,痛苦,0,0,0,0,1
ITEM-00101,紧张,0,0,0,1,0
ITEM-00101,绝望,0,0,0,1,0
ITEM-00101,释然,0,0,1,0,0
ITEM-00102,兴奋,0,0,0,1,0
ITEM-00102,厌倦,0,0,2,2,0
ITEM-00102,厌恶,0,0,0,1,1
ITEM-00102,困惑,0,0,1,0,0
ITEM-00102,失望,0,1,1,0,1
ITEM-00102,委屈,0,0,0,1,0
ITEM-00102,希望,0,0,0,1,0
ITEM-00102,平静,0,0,0,1,0
ITEM-00102,惊讶,0,0,1,0,0
ITEM-00102,愁闷,0,0,1,0,0
ITEM-00102,愤怒,0,1,4,4,16
ITEM-00102,抑郁,0,0,0,1,0
ITEM-00102,担忧,0,0,1,1,0
ITEM-00102,敌意,0,1,1,1,0
ITEM-00102,渴望,0,0,0,1,0
ITEM-00102,烦躁,0,1,3,10,14
ITEM-00102,焦虑,0,1,0,0,1
ITEM-00102,蔑视,0,0,0,2,0
ITEM-00102,轻松,0,0,0,1,0
ITEM-00102,震惊,0,0,1,0,0
ITEM-00104,兴奋,0,0,0,9,17
ITEM-00104,自豪,0,0,0,0,1
ITEM-00105,不屑,1,0,0,0,0
ITEM-00105,共情痛苦,0,1,1,0,0
ITEM-00105,内疚,0,0,6,10,4
ITEM-00105,冷静,0,0,0,1,0
ITEM-00105,厌倦,0,0,1,0,0
ITEM-00105,厌恶,1,0,0,1,0
ITEM-00105,失望,0,1,1,0,1
ITEM-00105,委屈,0,0,1,0,0
ITEM-00105,尴尬,0,0,0,0,1
ITEM-00105,怨恨,0,0,0,1,0
ITEM-00105,恐惧,1,0,0,0,1
ITEM-00105,悲伤,0,1,0,1,0
ITEM-00105,惊讶,0,0,1,0,2
ITEM-00105,愁闷,0,0,2,0,0
ITEM-00105,愤怒,0,0,0,1,2
ITEM-00105,担忧,0,0,0,0,1
ITEM-00105,敌意,0,0,0,0,1
ITEM-00105,渴望,0,0,1,0,0
ITEM-00105,烦躁,0,0,0,1,0
ITEM-00105,焦虑,1,2,5,6,1
ITEM-00105,痛苦,0,0,1,1,0
ITEM-00105,紧张,0,0,7,14,6
ITEM-00105,遗憾,0,0,0,1,0
ITEM-00105,震惊,0,0,0,1,2
ITEM-00106,共情痛苦,0,0,0,0,1
ITEM-00106,冷静,0,0,0,0,1
ITEM-00106,审美欣赏,0,0,0,1,1
ITEM-00106,快乐,0,0,1,6,8
ITEM-00106,惊喜,0,0,0,0,1
ITEM-00106,愉悦,0,0,0,1,1
ITEM-00106,敌意,0,0,0,1,0
ITEM-00106,满足,0,0,1,2,1
ITEM-00106,爱,0,0,0,0,4
ITEM-00107,兴奋,0,0,0,0,3
ITEM-00107,厌恶,0,0,0,1,0
ITEM-00107,好奇,0,0,1,0,0
ITEM-00107,尴尬,0,0,1,0,1
ITEM-00107,崇拜,0,0,0,0,1
ITEM-00107,希望,0,0,0,2,0
ITEM-00107,快乐,0,0,3,4,12
ITEM-00107,惊讶,0,0,0,1,0
ITEM-00107,愉悦,0,0,0,3,1
ITEM-00107,感动,0,0,1,6,2
ITEM-00107,渴望,0,0,0,1,2
ITEM-00107,满足,0,1,0,4,3
ITEM-00107,爱,0,0,0,2,0
ITEM-00107,紧张,0,0,0,1,0
ITEM-00107,自满,0,0,0,0,1
ITEM-00107,自豪,0,1,0,0,0
ITEM-00107,轻松,0,1,0,0,0
ITEM-00107,震惊,0,0,0,1,0
ITEM-00108,共情痛苦,0,0,1,1,0
ITEM-00108,兴奋,0,0,1,0,0
ITEM-00108,内疚,0,0,1,4,0
ITEM-00108,厌恶,0,0,1,0,0
ITEM-00108,困惑,0,1,0,0,0
ITEM-00108,失望,0,0,0,2,0
ITEM-00108,好奇,0,0,1,0,0
ITEM-00108,委屈,0,0,0,1,1
ITEM-00108,尴尬,0,0,0,1,0
ITEM-00108,平静,0,0,1,1,0
ITEM-00108,快乐,0,0,0,1,0
ITEM-00108,怨恨,0,0,1,0,0
ITEM-00108,恐惧,0,1,0,1,0
ITEM-00108,悲伤,0,0,1,5,4
ITEM-00108,惊喜,0,0,1,0,0
ITEM-00108,惊讶,1,0,0,0,0
ITEM-00108,愁闷,0,0,0,3,0
ITEM-00108,愉悦,0,0,0,1,0
ITEM-00108,感动,0,0,0,1,3
ITEM-00108,抑郁,0,0,2,8,1
ITEM-00108,担忧,0,0,1,0,0
ITEM-00108,烦躁,0,0,0,0,1
ITEM-00108,焦虑,0,0,1,1,0
ITEM-00108,爱,0,0,0,0,1
ITEM-00108,痛苦,0,1,4,12,4
ITEM-00108,紧张,0,0,1,0,1
ITEM-00108,绝望,0,0,2,0,0
ITEM-00108,释然,0,0,1,1,0
ITEM-00109,不屑,0,1,1,0,1
ITEM-00109,兴趣,0,0,1,0,1
ITEM-00109,厌倦,0,0,6,14,7
ITEM-00109,厌恶,0,2,1,2,0
ITEM-00109,困惑,0,2,8,7,0
ITEM-00109,失望,0,1,1,1,1
ITEM-00109,好奇,0,1,1,0,0
ITEM-00109,委屈,0,0,1,0,0
ITEM-00109,尴尬,0,0,2,0,0
ITEM-00109,希望,0,0,1,0,0
ITEM-00109,平静,0,1,0,0,2
ITEM-00109,怨恨,0,1,0,0,0
ITEM-00109,悲伤,1,1,0,1,0
ITEM-00109,惊讶,0,0,1,0,0
ITEM-00109,愁闷,0,0,1,2,2
ITEM-00109,感动,0,0,1,0,0
ITEM-00109,感激,0,0,2,0,0
ITEM-00109,愤怒,0,0,1,1,0
ITEM-00109,抑郁,0,0,0,1,0
ITEM-00109,敌意,0,0,0,1,1
ITEM-00109,渴望,0,0,1,0,1
ITEM-00109,烦躁,0,0,0,2,1
ITEM-00109,爱,0,0,0,0,1
ITEM-00109,痛苦,0,0,1,0,0
ITEM-00109,紧张,1,0,0,0,0
ITEM-00109,绝望,0,0,0,0,1
ITEM-00109,羞耻,0,0,1,0,0
ITEM-00109,自满,0,0,1,0,0
ITEM-00109,自豪,0,0,0,0,1
ITEM-00109,轻松,0,0,0,1,0
ITEM-00109,释然,0,0,1,2,0
ITEM-00109,震惊,0,0,0,1,0
ITEM-00110,共情痛苦,0,0,1,1,2
ITEM-00110,内疚,1,0,1,0,2
ITEM-00110,冷静,0,0,0,0,1
ITEM-00110,厌倦,0,0,1,0,0
ITEM-00110,厌恶,0,0,0,1,0
ITEM-00110,困惑,0,0,0,0,1
ITEM-00110,失望,0,0,0,1,0
ITEM-00110,委屈,0,0,0,2,0
ITEM-00110,尴尬,0,0,1,0,0
ITEM-00110,平静,0,0,0,0,1
ITEM-00110,怨恨,0,1,0,0,0
ITEM-00110,恐惧,0,0,1,0,0
ITEM-00110,悲伤,0,1,0,1,0
ITEM-00110,惊讶,0,0,1,1,0
ITEM-00110,愁闷,0,0,1,2,2
ITEM-00110,感动,0,0,0,0,1
ITEM-00110,抑郁,1,0,3,3,3
ITEM-00110,担忧,0,0,1,0,2
ITEM-00110,烦躁,0,1,0,0,0
ITEM-00110,焦虑,0,0,1,0,2
ITEM-00110,痛苦,0,0,7,8,9
ITEM-00110,紧张,0,0,1,0,0
ITEM-00110,绝望,0,0,1,0,0
ITEM-00110,羞耻,0,0,1,0,0
ITEM-00110,遗憾,0,0,0,3,1
ITEM-00111,冷静,0,0,1,0,0
ITEM-00111,困惑,0,0,0,1,0
ITEM-00111,好奇,0,0,1,0,0
ITEM-00111,平静,0,1,0,0,0
ITEM-00111,无奈,0,1,2,2,2
ITEM-00111,蔑视,0,0,0,1,0
ITEM-00112,厌恶,0,0,0,1,0
ITEM-00112,怨恨,0,0,1,0,0
ITEM-00112,惊喜,0,0,0,1,0
ITEM-00112,愤怒,0,0,0,1,1
ITEM-00112,敌意,0,0,0,1,0
ITEM-00112,蔑视,0,0,0,1,0
ITEM-00113,共情痛苦,0,0,0,1,0
ITEM-00113,好奇,0,0,0,3,0
ITEM-00113,希望,0,0,0,1,0
ITEM-00113,紧张,0,0,0,0,1
ITEM-00113,蔑视,0,0,0,1,0
ITEM-00114,共情痛苦,0,0,0,1,0
ITEM-00114,困惑,0,0,1,2,0
ITEM-00114,悲伤,0,0,0,0,1
ITEM-00114,惊讶,0,0,1,1,0
ITEM-00114,遗憾,0,0,0,1,0
ITEM-00114,震惊,0,0,0,1,0
ITEM-00115,恐惧,0,0,0,1,0
ITEM-00115,担忧,0,0,0,1,0
ITEM-00115,震惊,0,0,1,3,4
ITEM-00116,共情痛苦,0,0,1,0,0
ITEM-00116,兴奋,0,0,0,1,0
ITEM-00116,悲伤,0,0,1,3,3
ITEM-00116,感动,0,0,2,0,0
ITEM-00116,感激,0,0,0,0,1
ITEM-00117,委屈,0,0,0,2,0
ITEM-00117,崇拜,0,0,0,1,0
ITEM-00117,怨恨,0,0,0,0,2
ITEM-00117,焦虑,0,0,0,2,0
ITEM-00117,爱,0,0,0,0,1
ITEM-00117,痛苦,0,0,0,1,0
ITEM-00117,遗憾,0,0,0,1,0
ITEM-00118,厌倦,0,0,0,0,1
ITEM-00118,厌恶,0,0,0,1,1
ITEM-00118,困惑,0,0,0,2,2
ITEM-00118,怨恨,0,0,0,0,1
ITEM-00118,惊讶,0,0,0,1,0
ITEM-00118,担忧,0,0,1,0,0
ITEM-00118,烦躁,0,0,0,1,0
ITEM-00119,冷静,0,0,1,0,0
ITEM-00119,厌倦,0,0,1,1,0
ITEM-00119,厌恶,0,0,0,1,0
ITEM-00119,惊讶,0,0,1,0,0
ITEM-00119,痛苦,0,0,1,0,0
ITEM-00119,自满,0,0,1,0,0
ITEM-00119,蔑视,0,0,1,0,0
ITEM-00120,不屑,0,0,0,1,0
ITEM-00120,好奇,0,0,0,0,1
ITEM-00120,尴尬,0,0,0,1,0
ITEM-00120,怨恨,0,0,0,1,0
ITEM-00120,担忧,0,0,1,0,0
ITEM-00120,紧张,0,0,0,1,0
ITEM-00120,羡慕,0,0,0,1,0
ITEM-00120,蔑视,0,0,0,0,1
ITEM-00121,好奇,0,0,0,1,0
ITEM-00121,惊讶,0,0,2,1,7
ITEM-00121,担忧,0,0,1,0,0
ITEM-00121,震惊,0,0,1,0,1
ITEM-00122,嫉妒,0,0,2,1,0
ITEM-00122,快乐,0,0,1,0,0
ITEM-00122,怨恨,0,0,0,1,0
ITEM-00122,悲伤,0,0,0,1,0
ITEM-00122,痛苦,0,0,0,0,1
ITEM-00122,羡慕,0,0,0,1,3
ITEM-00123,恐惧,0,0,1,1,0
ITEM-00123,抑郁,0,0,1,0,0
ITEM-00123,担忧,0,0,0,1,0
ITEM-00123,焦虑,0,0,0,0,1
ITEM-00123,痛苦,0,0,1,3,1
ITEM-00123,紧张,0,0,0,2,2
ITEM-00123,绝望,0,0,6,10,10
ITEM-00123,震惊,0,0,0,1,0
ITEM-00124,不屑,0,0,0,1,0
ITEM-00124,崇拜,0,0,0,0,1
ITEM-00124,希望,0,0,0,1,0
ITEM-00124,平静,0,0,2,0,1
ITEM-00124,惊讶,0,0,0,1,0
ITEM-00124,感动,0,0,0,1,0
ITEM-00124,感激,0,0,0,1,0
ITEM-00124,焦虑,0,0,1,0,0
ITEM-00124,轻松,0,0,2,1,0
ITEM-00124,释然,0,4,2,12,8
ITEM-00125,不屑,1,1,1,12,0
ITEM-00125,共情痛苦,0,0,0,0,1
ITEM-00125,兴奋,0,0,0,0,2
ITEM-00125,内疚,0,0,0,1,0
ITEM-00125,冷静,0,0,0,0,1
ITEM-00125,厌恶,0,0,0,0,2
ITEM-00125,困惑,0,0,0,0,1
ITEM-00125,尴尬,0,0,0,3,0
ITEM-00125,崇拜,0,0,1,0,1
ITEM-00125,希望,0,0,0,1,2
ITEM-00125,平静,0,0,1,0,0
ITEM-00125,惊喜,0,0,0,1,0
ITEM-00125,愁闷,0,0,1,0,0
ITEM-00125,愉悦,0,1,5,4,2
ITEM-00125,感动,0,0,0,2,1
ITEM-00125,感激,0,1,1,2,19
ITEM-00125,满足,0,0,0,1,0
ITEM-00125,烦躁,0,0,0,0,1
ITEM-00125,爱,0,0,1,0,1
ITEM-00125,自豪,0,0,0,1,0
ITEM-00125,蔑视,0,0,1,0,0
ITEM-00125,震惊,0,0,0,1,1
ITEM-00126,兴奋,0,0,0,1,0
ITEM-00126,兴趣,0,0,1,0,1
ITEM-00126,冷静,0,0,0,1,0
ITEM-00126,困惑,0,0,0,0,1
ITEM-00126,失望,0,0,0,0,1
ITEM-00126,嫉妒,0,0,0,1,0
ITEM-00126,尴尬,0,1,0,0,0
ITEM-00126,希望,0,1,0,0,0
ITEM-00126,平静,0,0,0,1,0
ITEM-00126,悲伤,0,0,0,1,0
ITEM-00126,惊喜,0,0,0,2,0
ITEM-00126,惊讶,0,2,3,5,3
ITEM-00126,愁闷,0,0,0,1,0
ITEM-00126,愉悦,0,0,1,1,0
ITEM-00126,感激,0,0,0,0,1
ITEM-00126,担忧,0,0,0,2,2
ITEM-00126,渴望,0,1,0,0,0
ITEM-00126,烦躁,0,0,0,2,1
ITEM-00126,紧张,0,0,1,0,0
ITEM-00126,羞耻,0,0,0,0,1
ITEM-00126,震惊,0,0,0,1,0
ITEM-00127,冷静,0,0,0,1,1
ITEM-00127,同情,0,0,4,3,2
ITEM-00127,困惑,0,0,0,1,1
ITEM-00127,委屈,0,0,0,1,0
ITEM-00127,审美欣赏,0,0,0,1,0
ITEM-00127,尴尬,0,0,0,1,0
ITEM-00127,平静,0,0,1,1,0
ITEM-00127,悲伤,0,0,0,1,0
ITEM-00127,惊喜,0,0,0,0,1
ITEM-00127,惊讶,0,0,1,0,0
ITEM-00127,愁闷,0,0,0,1,0
ITEM-00127,感激,0,0,0,1,0
ITEM-00127,担忧,0,0,2,0,0
ITEM-00127,敌意,0,0,0,1,0
ITEM-00127,羞耻,0,0,0,0,1
ITEM-00127,自满,0,0,0,0,1
ITEM-00127,自豪,0,0,0,0,1
ITEM-00127,蔑视,0,0,1,3,2
ITEM-00127,震惊,0,0,2,6,4
ITEM-00128,兴奋,0,1,1,10,3
ITEM-00128,兴趣,0,0,1,0,1
ITEM-00128,困惑,0,0,0,1,0
ITEM-00128,失望,0,0,0,0,1
ITEM-00128,委屈,0,0,0,1,0
ITEM-00128,惊讶,0,1,0,0,0
ITEM-00128,愁闷,0,0,0,1,0
ITEM-00128,感动,0,1,0,1,0
ITEM-00128,感激,0,1,0,0,0
ITEM-00128,担忧,0,0,0,0,1
ITEM-00128,期望,0,0,2,3,1
ITEM-00128,烦躁,0,0,0,0,1
ITEM-00128,爱,0,0,1,0,0
ITEM-00128,痛苦,0,0,0,0,1
ITEM-00128,自豪,0,0,0,1,0
ITEM-00128,轻松,0,0,1,0,1
ITEM-00128,遗憾,0,0,1,0,0
ITEM-00129,不屑,0,0,2,6,6
ITEM-00129,兴奋,0,0,2,1,1
ITEM-00129,兴趣,0,0,0,1,0
ITEM-00129,冷静,0,0,0,1,0
ITEM-00129,崇拜,0,0,0,1,0
ITEM-00129,快乐,0,0,0,2,0
ITEM-00129,敌意,1,0,3,3,0
ITEM-00129,渴望,0,1,0,0,0
ITEM-00129,满足,0,0,1,0,0
ITEM-00129,爱,0,0,1,0,0
ITEM-00129,自豪,0,0,0,0,1
ITEM-00129,蔑视,0,1,1,0,2
ITEM-00129,轻松,0,1,0,1,0
ITEM-00129,震惊,0,1,0,0,0
ITEM-00130,好奇,0,0,2,0,0
ITEM-00130,恐惧,0,0,1,0,0
ITEM-00130,悲伤,0,0,0,0,1
ITEM-00130,惊喜,0,0,1,0,0
ITEM-00130,惊讶,0,0,0,3,0
ITEM-00130,愤怒,0,0,2,2,1
ITEM-00130,担忧,0,0,1,1,0
ITEM-00130,敌意,0,1,1,0,0
ITEM-00130,紧张,0,0,0,1,0
ITEM-00130,蔑视,0,0,0,1,0
ITEM-00130,震惊,0,0,2,9,5
ITEM-00131,不屑,0,0,0,1,0
ITEM-00131,兴奋,0,1,3,4,2
ITEM-00131,兴趣,0,0,1,0,0
ITEM-00131,好奇,0,0,0,1,0
ITEM-00131,审美欣赏,0,0,1,1,0
ITEM-00131,崇拜,1,0,0,1,0
ITEM-00131,快乐,0,0,0,1,0
ITEM-00131,悲伤,0,0,0,0,1
ITEM-00131,惊喜,0,0,1,0,0
ITEM-00131,愉悦,0,1,1,3,4
ITEM-00131,渴望,0,0,0,1,0
ITEM-00131,满足,0,0,0,1,0
ITEM-00131,爱,0,0,0,1,0
ITEM-00131,自满,0,0,0,1,0
ITEM-00131,轻松,0,0,0,2,1
ITEM-00132,不屑,0,0,1,1,0
ITEM-00132,兴奋,0,0,1,0,0
ITEM-00132,兴趣,0,0,0,0,1
ITEM-00132,厌倦,0,0,0,1,0
ITEM-00132,好奇,0,0,0,1,0
ITEM-00132,嫉妒,0,0,1,0,0
ITEM-00132,崇拜,0,0,0,1,0
ITEM-00132,平静,0,2,0,3,0
ITEM-00132,恐惧,0,1,1,0,0
ITEM-00132,恭敬,1,0,1,5,7
ITEM-00132,满足,0,0,1,0,0
ITEM-00132,烦躁,0,0,0,1,0
ITEM-00132,爱,0,1,0,0,0
ITEM-00132,羡慕,0,1,1,0,0
ITEM-00132,蔑视,0,0,1,0,0
ITEM-00132,轻松,0,0,0,1,0
ITEM-00133,共情痛苦,0,1,0,0,0
ITEM-00133,兴奋,0,0,0,0,1
ITEM-00133,兴趣,0,0,1,1,0
ITEM-00133,冷静,0,0,0,1,0
ITEM-00133,厌恶,0,0,0,1,1
ITEM-00133,崇拜,0,0,1,0,0
ITEM-00133,平静,0,0,4,1,0
ITEM-00133,抑郁,0,1,0,0,0
ITEM-00133,敌意,0,0,1,0,0
ITEM-00133,期待,0,0,3,2,0
ITEM-00133,爱,0,0,1,0,1
ITEM-00133,紧张,0,0,0,0,1
ITEM-00133,自满,0,1,0,0,0
ITEM-00133,遗憾,0,0,1,0,0
ITEM-00133,震惊,0,0,1,0,0
ITEM-00134,不屑,1,0,7,8,6
ITEM-00134,兴趣,1,0,0,0,0
ITEM-00134,冷静,0,0,0,1,0
ITEM-00134,厌恶,0,0,0,0,2
ITEM-00134,困惑,0,0,0,1,0
ITEM-00134,好奇,0,1,0,0,0
ITEM-00134,审美欣赏,0,0,0,1,0
ITEM-00134,怀旧,0,1,0,0,0
ITEM-00134,怨恨,0,1,1,1,1
ITEM-00134,愁闷,0,0,0,1,0
ITEM-00134,愤怒,0,0,2,1,0
ITEM-00134,敌意,0,1,5,11,13
ITEM-00134,烦躁,0,0,2,0,1
ITEM-00134,蔑视,0,0,3,3,2
ITEM-00134,震惊,0,0,2,0,0
ITEM-00135,不屑,0,2,2,12,6
ITEM-00135,共情痛苦,0,0,0,1,0
ITEM-00135,厌倦,0,0,1,2,1
ITEM-00135,厌恶,0,1,1,2,1
ITEM-00135,失望,0,0,0,2,1
ITEM-00135,委屈,0,0,0,3,0
ITEM-00135,怨恨,0,1,0,0,0
ITEM-00135,恐惧,0,0,1,2,0
ITEM-00135,惊吓,0,0,1,12,6
ITEM-00135,惊讶,0,0,0,1,0
ITEM-00135,愤怒,0,0,1,3,5
ITEM-00135,担忧,0,0,1,1,3
ITEM-00135,敌意,0,0,0,1,5
ITEM-00135,烦躁,0,1,1,2,0
ITEM-00135,焦虑,0,0,1,0,0
ITEM-00135,痛苦,0,0,0,1,0
ITEM-00135,紧张,0,0,2,3,0
ITEM-00135,羞耻,0,0,0,1,0
ITEM-00135,自豪,0,1,0,0,0
ITEM-00135,蔑视,0,0,0,1,5
ITEM-00136,不屑,0,0,5,1,3
ITEM-00136,厌恶,0,0,0,1,0
ITEM-00136,困惑,0,0,1,0,0
ITEM-00136,失望,0,1,0,0,0
ITEM-00136,委屈,0,0,1,7,10
ITEM-00136,恐惧,0,2,3,2,3
ITEM-00136,悲伤,0,0,0,2,0
ITEM-00136,愤怒,0,0,1,0,0
ITEM-00136,敌意,0,0,0,1,0
ITEM-00136,烦躁,0,0,1,0,0
ITEM-00136,焦虑,0,0,0,1,1
ITEM-00136,绝望,0,0,0,1,1
ITEM-00136,自满,0,0,0,1,0
ITEM-00136,蔑视,0,1,0,1,1
ITEM-00137,不屑,0,0,1,4,0
ITEM-00137,厌倦,0,0,0,2,0
ITEM-00137,厌恶,0,0,2,2,0
ITEM-00137,委屈,0,0,0,1,0
ITEM-00137,崇拜,0,1,0,0,0
ITEM-00137,惊讶,0,0,1,0,0
ITEM-00137,愉悦,0,0,0,1,0
ITEM-00137,愤怒,0,1,2,17,8
ITEM-00137,担忧,0,0,0,0,1
ITEM-00137,敌意,0,0,1,1,3
ITEM-00137,烦躁,0,0,0,1,0
ITEM-00137,焦虑,0,0,0,2,0
ITEM-00137,紧张,0,0,1,1,0
ITEM-00137,自满,0,0,0,1,0
ITEM-00137,蔑视,0,0,3,0,0
ITEM-00137,轻松,0,0,0,1,0
ITEM-00137,轻视,0,0,5,10,5
ITEM-00138,不屑,0,0,2,3,1
ITEM-00138,共情痛苦,0,0,0,2,1
ITEM-00138,内疚,0,0,1,1,0
ITEM-00138,冷静,0,0,0,2,0
ITEM-00138,厌倦,1,0,0,2,0
ITEM-00138,厌恶,0,0,1,0,0
ITEM-00138,可惜,0,3,1,6,5
ITEM-00138,失望,0,0,1,1,1
ITEM-00138,审美欣赏,0,0,0,1,0
ITEM-00138,尴尬,0,1,0,0,0
ITEM-00138,平静,0,0,1,3,1
ITEM-00138,快乐,0,0,0,1,0
ITEM-00138,悲伤,0,1,3,1,0
ITEM-00138,愁闷,0,0,1,0,1
ITEM-00138,愉悦,0,0,0,1,0
ITEM-00138,感动,0,0,0,1,0
ITEM-00138,感激,0,0,0,2,0
ITEM-00138,担忧,0,0,1,0,0
ITEM-00138,满足,0,0,0,1,0
ITEM-00138,烦躁,0,0,0,2,0
ITEM-00138,痛苦,0,0,1,0,0
ITEM-00138,自豪,0,0,1,0,0
ITEM-00138,蔑视,0,1,0,0,0
ITEM-00138,轻松,0,0,1,1,0
ITEM-00138,遗憾,0,2,0,1,0
ITEM-00138,释然,0,0,0,2,0
ITEM-00138,震惊,0,0,0,0,1
ITEM-00139,不屑,0,0,0,1,1
ITEM-00139,兴奋,0,0,0,1,0
ITEM-00139,兴趣,0,0,1,2,1
ITEM-00139,冷静,0,0,0,0,1
ITEM-00139,困惑,0,0,0,1,0
ITEM-00139,好奇,0,0,0,1,1
ITEM-00139,委屈,0,0,0,1,0
ITEM-00139,嫉妒,0,0,1,0,0
ITEM-00139,审美欣赏,0,0,1,0,0
ITEM-00139,尴尬,0,0,1,1,1
ITEM-00139,崇拜,0,0,1,0,1
ITEM-00139,希望,0,0,1,0,2
ITEM-00139,平静,0,0,1,1,0
ITEM-00139,快乐,0,0,1,0,0
ITEM-00139,怨恨,0,0,0,0,1
ITEM-00139,恐惧,0,0,0,1,0
ITEM-00139,惊喜,0,0,0,1,0
ITEM-00139,惊讶,0,2,2,0,1
ITEM-00139,愁闷,0,0,0,0,1
ITEM-00139,愉悦,0,0,1,1,0
ITEM-00139,担忧,0,0,1,0,0
ITEM-00139,敌意,0,0,1,0,0
ITEM-00139,敬畏,1,1,8,18,13
ITEM-00139,渴望,0,1,0,1,1
ITEM-00139,满足,0,0,1,1,0
ITEM-00139,焦虑,0,2,2,6,1
ITEM-00139,紧张,0,0,1,4,1
ITEM-00139,自满,0,0,2,0,0
ITEM-00139,自豪,0,0,1,0,0
ITEM-00139,蔑视,0,1,2,0,0
ITEM-00139,震惊,1,0,1,0,0
ITEM-00140,共情痛苦,0,0,0,1,0
ITEM-00140,兴奋,0,1,6,10,8
ITEM-00140,兴趣,0,0,1,1,5
ITEM-00140,好奇,0,1,1,3,4
ITEM-00140,审美欣赏,0,0,2,1,1
ITEM-00140,崇拜,0,1,0,0,0
ITEM-00140,希望,0,0,2,1,3
ITEM-00140,平静,0,1,1,0,0
ITEM-00140,怀旧,0,0,0,0,1
ITEM-00140,惊喜,0,2,7,18,12
ITEM-00140,惊讶,0,0,0,0,1
ITEM-00140,愉悦,0,0,1,2,0
ITEM-00140,感激,0,0,0,0,1
ITEM-00140,担忧,0,0,1,0,0
ITEM-00140,满足,0,0,1,0,0
ITEM-00140,爱,0,1,0,1,0
ITEM-00140,自豪,0,1,1,1,0
ITEM-00140,蔑视,0,0,1,0,0
ITEM-00140,轻松,0,0,2,0,0
ITEM-00141,不屑,0,0,0,1,0
ITEM-00141,兴奋,0,0,1,0,0
ITEM-00141,兴趣,0,0,0,1,0
ITEM-00141,厌恶,0,0,2,1,0
ITEM-00141,困惑,0,0,0,1,1
ITEM-00141,失望,0,0,1,0,0
ITEM-00141,好奇,0,0,0,1,0
ITEM-00141,委屈,0,0,2,0,0
ITEM-00141,嫉妒,0,1,0,0,0
ITEM-00141,审美欣赏,0,0,1,1,0
ITEM-00141,尴尬,0,0,2,0,0
ITEM-00141,怨恨,0,0,0,2,1
ITEM-00141,惊讶,0,2,6,7,1
ITEM-00141,愁闷,0,0,2,0,0
ITEM-00141,愤怒,1,0,4,18,14
ITEM-00141,敌意,0,0,1,4,1
ITEM-00141,烦躁,0,0,1,0,0
ITEM-00141,焦虑,0,0,1,0,1
ITEM-00141,痛苦,0,0,0,1,0
ITEM-00141,羞耻,0,0,1,1,1
ITEM-00141,自满,0,0,0,2,0
ITEM-00141,蔑视,0,0,0,2,0
ITEM-00141,遗憾,0,0,1,0,0
ITEM-00141,震惊,0,0,1,2,1
ITEM-00142,不屑,0,0,1,0,0
ITEM-00142,兴趣,0,0,0,1,0
ITEM-00142,内疚,0,1,0,0,0
ITEM-00142,厌恶,0,0,1,1,0
ITEM-00142,好奇,0,0,1,0,0
ITEM-00142,委屈,0,0,0,1,0
ITEM-00142,嫉妒,0,0,1,0,0
ITEM-00142,尴尬,0,0,0,1,1
ITEM-00142,恐惧,0,0,0,0,1
ITEM-00142,愉悦,0,0,0,1,0
ITEM-00142,愤怒,0,0,0,0,2
ITEM-00142,抑郁,0,0,1,0,0
ITEM-00142,敌意,0,1,1,8,3
ITEM-00142,烦躁,0,0,0,1,1
ITEM-00142,焦虑,0,0,1,0,0
ITEM-00142,紧张,0,0,1,0,0
ITEM-00142,蔑视,0,0,0,1,0
ITEM-00143,不屑,0,0,1,3,7
ITEM-00143,内疚,0,0,0,1,0
ITEM-00143,厌倦,0,0,0,1,1
ITEM-00143,厌恶,0,0,2,1,1
ITEM-00143,平静,0,0,0,0,1
ITEM-00143,怨恨,0,0,1,0,1
ITEM-00143,愁闷,0,0,0,0,1
ITEM-00143,愤怒,0,0,0,1,1
ITEM-00143,敌意,0,0,0,0,1
ITEM-00143,烦躁,0,0,0,0,1
ITEM-00143,痛苦,0,0,0,1,1
ITEM-00143,绝望,0,0,0,3,1
ITEM-00143,蔑视,1,0,0,3,1
ITEM-00144,不屑,0,1,0,1,0
ITEM-00144,厌倦,0,0,0,3,1
ITEM-00144,厌恶,0,0,0,1,0
ITEM-00144,失望,0,0,4,4,6
ITEM-00144,尴尬,0,0,0,1,0
ITEM-00144,平静,0,0,1,0,0
ITEM-00144,愁闷,0,0,1,1,0
ITEM-00144,愉悦,0,0,0,1,0
ITEM-00144,愤怒,0,0,0,1,0
ITEM-00144,担忧,0,0,0,1,0
ITEM-00144,敌意,0,0,1,0,0
ITEM-00144,烦躁,0,0,0,1,0
ITEM-00144,痛苦,0,0,1,0,0
ITEM-00145,不屑,1,1,0,1,0
ITEM-00145,兴奋,0,0,0,2,0
ITEM-00145,兴趣,0,0,1,0,0
ITEM-00145,冷静,0,0,0,2,0
ITEM-00145,厌倦,0,0,0,1,0
ITEM-00145,厌恶,0,0,1,3,0
ITEM-00145,困惑,0,0,1,0,0
ITEM-00145,失望,0,0,0,1,0
ITEM-00145,好奇,0,0,0,1,0
ITEM-00145,嫉妒,0,0,1,0,0
ITEM-00145,快乐,0,0,1,0,0
ITEM-00145,惊讶,0,0,0,1,1
ITEM-00145,愁闷,0,0,0,1,0
ITEM-00145,愤怒,0,2,4,14,2
ITEM-00145,担忧,0,0,1,0,0
ITEM-00145,敌意,0,0,0,1,0
ITEM-00145,渴望,0,0,1,0,0
ITEM-00145,烦躁,0,0,1,0,1
ITEM-00145,绝望,0,0,1,0,0
ITEM-00145,自满,0,0,1,0,0
ITEM-00145,蔑视,0,0,2,0,1
ITEM-00145,轻松,0,0,1,0,0
ITEM-00145,震惊,1,1,2,3,0
ITEM-00146,不屑,0,0,0,1,1
ITEM-00146,厌倦,0,0,1,0,0
ITEM-00146,厌恶,0,0,1,1,0
ITEM-00146,困惑,0,0,1,0,0
ITEM-00146,失望,0,1,4,11,5
ITEM-00146,委屈,0,0,1,1,0
ITEM-00146,希望,0,0,0,1,0
ITEM-00146,平静,0,1,0,1,0
ITEM-00146,怨恨,0,0,2,1,0
ITEM-00146,悲伤,0,0,1,0,0
ITEM-00146,愉悦,0,0,1,0,0
ITEM-00146,愤怒,0,0,0,0,3
ITEM-00146,敌意,0,0,0,1,0
ITEM-00146,烦躁,0,0,6,13,7
ITEM-00146,焦虑,0,0,0,1,0
ITEM-00146,爱,0,0,0,0,1
ITEM-00146,痛苦,0,1,0,0,0
ITEM-00146,轻松,0,0,0,1,0
ITEM-00147,内疚,0,0,0,1,0
ITEM-00147,感动,0,0,0,2,1
ITEM-00148,不屑,0,0,0,1,0
ITEM-00148,尴尬,0,0,1,3,5
ITEM-00148,紧张,0,0,0,0,1
ITEM-00148,震惊,0,0,0,0,1
ITEM-00149,共情痛苦,0,0,0,0,1
ITEM-00149,内疚,0,0,0,1,1
ITEM-00149,困惑,0,0,0,0,1
ITEM-00149,失望,0,0,0,1,0
ITEM-00149,怨恨,0,0,0,1,0
ITEM-00149,恐惧,0,0,0,0,1
ITEM-00149,悲伤,0,0,0,1,1
ITEM-00149,愁闷,0,0,2,2,1
ITEM-00149,担忧,0,0,2,8,2
ITEM-00149,敌意,0,0,0,1,0
ITEM-00149,爱,0,0,0,1,0
ITEM-00149,痛苦,0,0,1,1,0
ITEM-00149,绝望,0,0,0,1,0
ITEM-00149,自满,0,0,1,0,0
ITEM-00149,遗憾,0,0,0,0,1
ITEM-00150,不屑,0,1,2,0,0
ITEM-00150,共情痛苦,0,1,0,0,0
ITEM-00150,兴奋,0,0,1,0,0
ITEM-00150,内疚,0,0,0,1,0
ITEM-00150,冷静,0,0,1,2,0
ITEM-00150,困惑,0,0,2,1,0
ITEM-00150,失望,0,0,0,0,1
ITEM-00150,好奇,0,0,1,0,0
ITEM-00150,委屈,1,0,0,1,0
ITEM-00150,尴尬,0,1,2,0,1
ITEM-00150,崇拜,0,0,0,1,0
ITEM-00150,平静,0,0,0,1,0
ITEM-00150,快乐,0,0,2,4,6
ITEM-00150,怀旧,0,0,1,0,0
ITEM-00150,悲伤,1,1,0,1,0
ITEM-00150,惊喜,0,0,0,2,0
ITEM-00150,惊讶,0,0,0,2,1
ITEM-00150,愁闷,0,0,0,3,0
ITEM-00150,愉悦,0,0,0,1,0
ITEM-00150,感动,0,0,1,0,0
ITEM-00150,抑郁,1,0,0,0,0
ITEM-00150,担忧,0,0,2,1,1
ITEM-00150,渴望,0,1,0,0,0
ITEM-00150,满足,0,0,4,5,4
ITEM-00150,爱,0,0,1,0,0
ITEM-00150,绝望,0,0,1,0,0
ITEM-00150,羡慕,1,0,0,0,0
ITEM-00150,自豪,0,0,0,1,1
ITEM-00150,轻松,0,0,0,1,0
ITEM-00150,遗憾,0,0,0,1,0
ITEM-00150,震惊,0,0,1,1,1
