题目编号,有效作答人数,严格完全识别率,完全识别率95%区间下限,完全识别率95%区间上限,平均部分标签得分,平均标签召回率,平均标签准确率,平均Jaccard相似度,平均非标准标签误选率,同能力校正题总相关,高低27%组D值,平均作答时间（秒）,作答时间中位数（秒）,题目标题,素材模态,能力类型,选项形式,每卷组合配额,组合题库数,期望作答人数,实际期望比,抽题组合,最高频选择,最高频选择率,标准情绪,最高频选择是否为标准情绪,统计初筛建议,专家复核结论,最终决策,复核备注
ITEM-00086,51.0,0.23529411764705882,0.14004948775982248,0.3676222527305,0.6745215686274509,0.7058823529411765,0.7156862745098039,0.5702614379084967,0.28431372549019607,0.2615831804344947,0.15384615384615385,30.95509803921568,26.08,79,音频,情绪推理,多选题,2,6,42.666666666666664,1.1953125,音频 / 多选题 / 情绪推理,烦躁,0.8431372549019608,烦躁｜厌倦,True,可能为困难题；内容确认后保留,待填写,待填写,待填写
ITEM-00121,14.0,0.7142857142857143,0.45350915474002584,0.8827862143729825,0.7142857142857143,0.7142857142857143,0.7142857142857143,0.7142857142857143,0.2857142857142857,0.19364916731037093,0.33333333333333337,17.542857142857144,11.989999999999998,106,图像,情绪识别,单选题,2,28,9.142857142857142,1.53125,图像 / 单选题 / 情绪识别,惊讶,0.7142857142857143,惊讶,True,需要补充样本后再判断,待填写,待填写,待填写
ITEM-00076,24.0,0.0,0.0,0.13797620655132792,0.3696458333333334,0.3958333333333333,0.3951388888888889,0.26458333333333334,0.6048611111111111,,0.0,32.67875,28.975,78,音频,情绪识别,多选题,2,9,28.444444444444443,0.84375,音频 / 多选题 / 情绪识别,烦躁,0.6666666666666666,羞耻｜烦躁,True,修改后补测；结合选项分布与专家复核,待填写,待填写,待填写
ITEM-00088,24.0,0.375,0.21159367459047676,0.5729003770473553,0.8678458333333333,0.8229166666666666,0.9611111111111109,0.7937499999999998,0.03888888888888889,0.21461125751550034,0.16666666666666669,42.43583333333333,36.945,81,视频,情绪识别,多选题,2,13,19.692307692307693,1.21875,视频 / 多选题 / 情绪识别,兴奋,0.9166666666666666,快乐｜惊喜｜兴奋｜爱,True,暂时保留,待填写,待填写,待填写
ITEM-00109,49.0,0.061224489795918366,0.02104014650911014,0.16520487945438622,0.4174000000000001,0.4489795918367347,0.4224489795918367,0.3180272108843537,0.5775510204081633,-0.00802643703183297,0.0,58.04775510204081,59.78,88,音频,情绪推理,多选题,2,6,42.666666666666664,1.1484375,音频 / 多选题 / 情绪推理,厌倦,0.5510204081632653,厌倦｜困惑,True,负相关复核：同时检查样本、维度、答案键与题意,待填写,待填写,待填写
ITEM-00150,38.0,0.18421052631578946,0.0922176513511272,0.334188582043175,0.32807368421052635,0.32894736842105265,0.3464912280701754,0.2894736842105263,0.6535087719298245,0.30768714525736757,0.2,43.74473684210527,38.855000000000004,86,视频,情绪推理,多选题,2,8,32.0,1.1875,视频 / 多选题 / 情绪推理,满足,0.34210526315789475,满足｜快乐,True,可能为困难题；内容确认后保留,待填写,待填写,待填写
ITEM-00141,48.0,0.08333333333333333,0.032883756589523014,0.1955330190342106,0.5491166666666666,0.5520833333333334,0.6166666666666667,0.42326388888888883,0.3833333333333333,0.16203298533694632,0.08333333333333333,55.72791666666666,50.665,67,文本,情绪推理,多选题,1,3,42.666666666666664,1.125,文本 / 多选题 / 情绪推理,愤怒,0.7708333333333334,愤怒｜惊讶,True,修改后补测；结合选项分布与专家复核,待填写,待填写,待填写
ITEM-00040,16.0,0.625,0.38641040376611335,0.8151876754845355,0.625,0.625,0.625,0.625,0.375,0.0439233474380173,0.0,20.036250000000003,14.1,53,文本,情绪识别,单选题,1,10,12.8,1.25,文本 / 单选题 / 情绪识别,怨恨,0.625,怨恨,True,低区分度：内容审查并考虑补测,待填写,待填写,待填写
ITEM-00043,17.0,0.0,-1.3877787807814457e-17,0.18431813738065556,0.4733823529411764,0.36764705882352944,0.7647058823529411,0.31862745098039214,0.23529411764705882,,0.0,39.72176470588235,30.72,65,视频,情绪识别,多选题,2,13,19.692307692307693,0.86328125,视频 / 多选题 / 情绪识别,遗憾,0.8823529411764706,怀旧｜感动｜愉悦｜遗憾,True,修改后补测；结合选项分布与专家复核,待填写,待填写,待填写
ITEM-00096,40.0,0.15,0.07061187676107432,0.29072324495985025,0.6550100000000001,0.75,0.6620833333333334,0.5287499999999999,0.33791666666666664,0.14529040997461112,0.1,24.4685,21.509999999999998,74,文本,情绪识别,多选题,3,12,32.0,1.25,文本 / 多选题 / 情绪识别,愉悦,0.775,审美欣赏｜愉悦,True,修改后补测；结合选项分布与专家复核,待填写,待填写,待填写
ITEM-00070,37.0,0.16216216216216217,0.0765120718936846,0.3113648383640646,0.6348837837837837,0.6891891891891891,0.649099099099099,0.5094594594594595,0.35090090090090087,-0.016039597821921648,-0.1111111111111111,26.86108108108108,21.76,119,文本,情绪识别,多选题,3,12,32.0,1.15625,文本 / 多选题 / 情绪识别,困惑,0.7837837837837838,困惑｜痛苦,True,负相关复核：同时检查样本、维度、答案键与题意,待填写,待填写,待填写
ITEM-00065,20.0,0.0,0.0,0.16112516018512965,0.53452,0.4375,0.7966666666666666,0.3863095238095239,0.2033333333333333,,0.0,21.435499999999998,19.060000000000002,112,图像,情绪识别,多选题,3,22,17.454545454545453,1.1458333333333335,图像 / 多选题 / 情绪识别,悲伤,0.75,悲伤｜遗憾｜感动｜释然,True,修改后补测；结合选项分布与专家复核,待填写,待填写,待填写
ITEM-00051,15.0,0.4666666666666667,0.24809535232620925,0.6988302012468901,0.4666666666666667,0.4666666666666667,0.4666666666666667,0.4666666666666667,0.5333333333333333,0.22303564279994298,0.25,18.505333333333333,16.39,93,图像,情绪识别,单选题,2,28,9.142857142857142,1.640625,图像 / 单选题 / 情绪识别,悲伤,0.4666666666666667,悲伤,True,暂时保留,待填写,待填写,待填写
ITEM-00149,33.0,0.36363636363636365,0.22187178144210248,0.5338382182894987,0.36363636363636365,0.36363636363636365,0.36363636363636365,0.36363636363636365,0.6363636363636364,0.08280786712108253,0.125,62.39727272727273,58.29,60,视频,情绪推理,单选题,1,4,32.0,1.03125,视频 / 单选题 / 情绪推理,担忧,0.36363636363636365,担忧,True,低区分度：内容审查并考虑补测,待填写,待填写,待填写
ITEM-00064,18.0,0.16666666666666666,0.05836576760185505,0.39222038302033446,0.4759333333333334,0.4722222222222222,0.5185185185185185,0.38425925925925924,0.48148148148148145,0.09503819266229832,0.0,15.04888888888889,14.690000000000001,111,图像,情绪识别,多选题,3,22,17.454545454545453,1.03125,图像 / 多选题 / 情绪识别,愉悦,0.5555555555555556,释然｜愉悦,True,修改后补测；结合选项分布与专家复核,待填写,待填写,待填写
ITEM-00092,28.0,0.35714285714285715,0.20705829414358318,0.5416969362676942,0.7786535714285715,0.7857142857142857,0.8041666666666666,0.7000000000000001,0.19583333333333333,0.1754116038614058,0.2857142857142857,49.84035714285715,48.47,66,音频,情绪识别,多选题,2,9,28.444444444444443,0.984375,音频 / 多选题 / 情绪识别,悲伤,0.8928571428571429,内疚｜痛苦｜悲伤,True,暂时保留,待填写,待填写,待填写
ITEM-00100,33.0,0.15151515151515152,0.06650457239529714,0.30919876025212834,0.5303090909090908,0.5909090909090909,0.5151515151515151,0.43686868686868685,0.48484848484848486,0.11838063674131646,0.0,52.83787878787879,59.61,10,视频,情绪推理,多选题,2,8,32.0,1.03125,视频 / 多选题 / 情绪推理,不屑,0.6060606060606061,不屑｜得意,True,修改后补测；结合选项分布与专家复核,待填写,待填写,待填写
ITEM-00095,28.0,0.32142857142857145,0.179332468369093,0.5066115696450038,0.7787464285714284,0.875,0.7464285714285713,0.6779761904761904,0.25357142857142856,0.057655006053175306,-0.14285714285714285,37.54214285714285,35.04,59,文本,情绪识别,多选题,3,12,32.0,0.875,文本 / 多选题 / 情绪识别,内疚,0.9285714285714286,内疚｜痛苦,True,低区分度：内容审查并考虑补测,待填写,待填写,待填写
ITEM-00123,41.0,0.6341463414634146,0.4812070096864851,0.7641016906642135,0.6341463414634146,0.6341463414634146,0.6341463414634146,0.6341463414634146,0.36585365853658536,-0.04062531738653189,-0.18181818181818188,25.943902439024384,23.63,8,音频,情绪识别,单选题,2,7,36.57142857142857,1.12109375,音频 / 单选题 / 情绪识别,绝望,0.6341463414634146,绝望,True,负相关复核：同时检查样本、维度、答案键与题意,待填写,待填写,待填写
ITEM-00048,34.0,0.7058823529411765,0.5383109006960254,0.8316536940601198,0.7058823529411765,0.7058823529411765,0.7058823529411765,0.7058823529411765,0.29411764705882354,0.1630732928246831,0.33333333333333326,44.43470588235294,40.790000000000006,2,音频,情绪识别,单选题,2,7,36.57142857142857,0.9296875,音频 / 单选题 / 情绪识别,愤怒,0.7058823529411765,愤怒,True,暂时保留,待填写,待填写,待填写
ITEM-00130,19.0,0.10526315789473684,0.029358560033196812,0.31394082911909027,0.5701842105263158,0.5526315789473685,0.6535087719298245,0.4447368421052631,0.3464912280701754,0.441629950809726,0.4,16.874210526315792,17.04,104,图像,情绪识别,多选题,3,22,17.454545454545453,1.0885416666666667,图像 / 多选题 / 情绪识别,震惊,0.8421052631578947,愤怒｜震惊,True,可能为困难题；内容确认后保留,待填写,待填写,待填写
ITEM-00027,8.0,0.5,0.21521606069626764,0.7847839393037324,0.5,0.5,0.5,0.5,0.5,0.41812100500354543,0.5,40.22375,38.254999999999995,83,视频,情绪识别,单选题,1,19,6.7368421052631575,1.1875,视频 / 单选题 / 情绪识别,快乐,0.5,快乐,True,需要补充样本后再判断,待填写,待填写,待填写
ITEM-00139,64.0,0.03125,0.008612138268632274,0.10697291857715885,0.42798593749999997,0.40625,0.5158854166666667,0.3192708333333333,0.48411458333333335,0.09956278193761042,0.058823529411764705,26.2546875,22.04,37,图像,情绪推理,多选题,1,2,64.0,1.0,图像 / 多选题 / 情绪推理,敬畏,0.640625,焦虑｜敬畏,True,修改后补测；结合选项分布与专家复核,待填写,待填写,待填写
ITEM-00142,33.0,0.3939393939393939,0.24683107337806381,0.5631655930798483,0.3939393939393939,0.3939393939393939,0.3939393939393939,0.3939393939393939,0.6060606060606061,0.13157104829118277,0.125,29.992121212121212,29.34,68,文本,情绪推理,单选题,1,4,32.0,1.03125,文本 / 单选题 / 情绪推理,敌意,0.3939393939393939,敌意,True,低区分度：内容审查并考虑补测,待填写,待填写,待填写
ITEM-00138,37.0,0.0,0.0,0.09405782718146873,0.2648675675675676,0.28378378378378377,0.26801801801801806,0.18108108108108106,0.731981981981982,,0.0,63.70081081081081,62.23,22,音频,情绪推理,多选题,2,6,42.666666666666664,0.8671875,音频 / 多选题 / 情绪推理,可惜,0.40540540540540543,不屑｜可惜,True,修改后补测；结合选项分布与专家复核,待填写,待填写,待填写
ITEM-00037,14.0,0.7142857142857143,0.45350915474002584,0.8827862143729825,0.7142857142857143,0.7142857142857143,0.7142857142857143,0.7142857142857143,0.2857142857142857,-0.512989176042577,-0.33333333333333337,20.59357142857143,17.35,50,文本,情绪识别,单选题,1,10,12.8,1.09375,文本 / 单选题 / 情绪识别,蔑视,0.7142857142857143,蔑视,True,需要补充样本后再判断,待填写,待填写,待填写
ITEM-00057,33.0,0.6363636363636364,0.46616178171050116,0.7781282185578974,0.6363636363636364,0.6363636363636364,0.6363636363636364,0.6363636363636364,0.36363636363636365,0.44540965473201055,0.375,36.079090909090915,32.24,23,音频,情绪识别,单选题,2,7,36.57142857142857,0.90234375,音频 / 单选题 / 情绪识别,惊喜,0.6363636363636364,惊喜,True,暂时保留,待填写,待填写,待填写
ITEM-00007,13.0,0.15384615384615385,0.04325817796522907,0.4223463125106327,0.15384615384615385,0.15384615384615385,0.15384615384615385,0.15384615384615385,0.8461538461538461,0.40766797987845693,0.3333333333333333,17.256153846153843,13.18,29,图像,情绪识别,单选题,2,28,9.142857142857142,1.421875,图像 / 单选题 / 情绪识别,共情痛苦,0.15384615384615385,惊讶,False,需要补充样本后再判断,待填写,待填写,待填写
ITEM-00009,35.0,0.4,0.2555072876325803,0.5642729111134861,0.4,0.4,0.4,0.4,0.6,-0.1687124501902926,-0.1111111111111111,29.168857142857142,23.96,7,音频,情绪识别,单选题,2,7,36.57142857142857,0.95703125,音频 / 单选题 / 情绪识别,紧张,0.4,紧张,True,负相关复核：同时检查样本、维度、答案键与题意,待填写,待填写,待填写
ITEM-00125,26.0,0.15384615384615385,0.06150033680770284,0.3353119949351658,0.6331538461538462,0.641025641025641,0.6647435897435897,0.5042124542124541,0.3352564102564103,0.28597969616233315,0.14285714285714285,48.13884615384615,45.115,85,视频,情绪识别,多选题,2,13,19.692307692307693,1.3203125,视频 / 多选题 / 情绪识别,感激,0.8846153846153846,感激｜愉悦｜不屑,True,可能为困难题；内容确认后保留,待填写,待填写,待填写
ITEM-00015,6.0,0.16666666666666666,0.030053369411815023,0.5635028250257673,0.16666666666666666,0.16666666666666666,0.16666666666666666,0.16666666666666666,0.8333333333333334,0.19999999999999996,0.0,47.055,40.265,4,视频,情绪识别,单选题,1,19,6.7368421052631575,0.890625,视频 / 单选题 / 情绪识别,悲伤,0.16666666666666666,绝望,False,需要补充样本后再判断,待填写,待填写,待填写
ITEM-00077,26.0,0.11538461538461539,0.040032445923591814,0.28975903379070655,0.5668538461538463,0.6153846153846154,0.573076923076923,0.4608974358974359,0.4269230769230769,0.1272782476224293,0.14285714285714285,36.98307692307692,29.285,79,音频,情绪识别,多选题,2,9,28.444444444444443,0.9140625,音频 / 多选题 / 情绪识别,烦躁,0.7307692307692307,烦躁｜厌倦,True,修改后补测；结合选项分布与专家复核,待填写,待填写,待填写
ITEM-00097,36.0,0.1111111111111111,0.04406640269669905,0.253148087279096,0.35436944444444446,0.375,0.38009259259259254,0.2828703703703704,0.6199074074074074,0.4134932196668674,0.3333333333333333,37.869722222222215,32.254999999999995,82,文本,情绪识别,多选题,3,12,32.0,1.125,文本 / 多选题 / 情绪识别,轻松,0.5277777777777778,轻松｜快乐,True,可能为困难题；内容确认后保留,待填写,待填写,待填写
ITEM-00046,12.0,0.0,0.0,0.2424940095530979,0.5531833333333332,0.625,0.5750000000000001,0.4222222222222222,0.425,,0.0,22.88,21.865,89,图像,情绪识别,多选题,3,22,17.454545454545453,0.6875,图像 / 多选题 / 情绪识别,悲伤,0.8333333333333334,内疚｜悲伤,True,需要补充样本后再判断,待填写,待填写,待填写
ITEM-00094,23.0,0.08695652173913043,0.02418000426569175,0.2679598125741516,0.3898608695652174,0.391304347826087,0.4202898550724638,0.30434782608695654,0.5797101449275363,0.2059534650002201,0.16666666666666666,45.529999999999994,44.52,88,音频,情绪识别,多选题,2,9,28.444444444444443,0.80859375,音频 / 多选题 / 情绪识别,兴趣,0.5652173913043478,渴望｜兴趣,True,可能为困难题；内容确认后保留,待填写,待填写,待填写
ITEM-00084,43.0,0.046511627906976744,0.012849259978574556,0.1545549812336292,0.3230372093023256,0.36046511627906974,0.3317829457364341,0.24341085271317825,0.6682170542635659,0.5438063707755737,0.18181818181818182,32.731162790697674,25.69,78,音频,情绪推理,多选题,2,6,42.666666666666664,1.0078125,音频 / 多选题 / 情绪推理,烦躁,0.5581395348837209,羞耻｜烦躁,True,可能为困难题；内容确认后保留,待填写,待填写,待填写
ITEM-00073,19.0,0.15789473684210525,0.055204715953508426,0.3756547546451403,0.5491315789473684,0.5526315789473685,0.6096491228070174,0.4403508771929825,0.39035087719298245,-0.1338679054655897,0.0,22.241052631578945,16.11,107,图像,情绪识别,多选题,3,22,17.454545454545453,1.0885416666666667,图像 / 多选题 / 情绪识别,感动,0.8421052631578947,感动｜爱,True,负相关复核：同时检查样本、维度、答案键与题意,待填写,待填写,待填写
ITEM-00004,34.0,0.7647058823529411,0.6000386193800363,0.8756301453064358,0.7647058823529411,0.7647058823529411,0.7647058823529411,0.7647058823529411,0.23529411764705882,0.31972302976870837,0.33333333333333337,29.43676470588235,26.295,62,视频,情绪推理,单选题,1,4,32.0,1.0625,视频 / 单选题 / 情绪推理,尴尬,0.7647058823529411,尴尬,True,暂时保留,待填写,待填写,待填写
ITEM-00140,48.0,0.14583333333333334,0.07248249287149067,0.27167176640868296,0.6086354166666667,0.6666666666666666,0.6204861111111111,0.4927083333333333,0.3795138888888889,0.03492342810393488,0.0,27.485833333333332,24.104999999999997,63,文本,情绪推理,多选题,1,3,42.666666666666664,1.125,文本 / 多选题 / 情绪推理,惊喜,0.8125,惊喜｜兴奋,True,修改后补测；结合选项分布与专家复核,待填写,待填写,待填写
ITEM-00115,10.0,0.8,0.4901624691221323,0.9433178490622331,0.8,0.8,0.8,0.8,0.2,-0.025351006328169633,0.0,13.912,13.27,39,图像,情绪识别,单选题,2,28,9.142857142857142,1.09375,图像 / 单选题 / 情绪识别,震惊,0.8,震惊,True,需要补充样本后再判断,待填写,待填写,待填写
ITEM-00143,37.0,0.2972972972972973,0.1748947857415188,0.45783136041313083,0.2972972972972973,0.2972972972972973,0.2972972972972973,0.2972972972972973,0.7027027027027027,0.010679661039879442,-0.1111111111111111,36.183783783783774,29.16,71,文本,情绪推理,单选题,1,4,32.0,1.15625,文本 / 单选题 / 情绪推理,不屑,0.2972972972972973,不屑,True,低区分度：内容审查并考虑补测,待填写,待填写,待填写
ITEM-00108,35.0,0.08571428571428572,0.02958236803634305,0.22379274105450336,0.39660000000000006,0.45714285714285713,0.38666666666666666,0.3104761904761905,0.6133333333333334,0.25045486009735757,0.1111111111111111,50.21828571428572,39.23,59,音频,情绪推理,多选题,2,6,42.666666666666664,0.8203125,音频 / 多选题 / 情绪推理,痛苦,0.6,痛苦｜抑郁,True,可能为困难题；内容确认后保留,待填写,待填写,待填写
ITEM-00106,31.0,0.4838709677419355,0.31970251448435416,0.651596046709453,0.4838709677419355,0.4838709677419355,0.4838709677419355,0.4838709677419355,0.5161290322580645,-0.005002501876563878,0.125,49.545483870967736,35.59,77,视频,情绪推理,单选题,1,4,32.0,0.96875,视频 / 单选题 / 情绪推理,快乐,0.4838709677419355,快乐,True,负相关复核：同时检查样本、维度、答案键与题意,待填写,待填写,待填写
ITEM-00107,25.0,0.04,0.007096233423382073,0.1954406391161776,0.507716,0.4799999999999999,0.6199999999999999,0.38666666666666655,0.38000000000000006,0.3703064483257642,0.16666666666666666,40.9576,37.51,81,视频,情绪推理,多选题,2,8,32.0,0.78125,视频 / 多选题 / 情绪推理,快乐,0.76,快乐｜满足｜感动,True,可能为困难题；内容确认后保留,待填写,待填写,待填写
ITEM-00020,10.0,0.5,0.23659308901147935,0.7634069109885206,0.5,0.5,0.5,0.5,0.5,0.40451991747794536,0.0,40.983000000000004,37.7,13,视频,情绪识别,单选题,1,19,6.7368421052631575,1.484375,视频 / 单选题 / 情绪识别,尴尬,0.5,尴尬,True,需要补充样本后再判断,待填写,待填写,待填写
ITEM-00072,26.0,0.038461538461538464,0.006821984917985538,0.18892779073917254,0.6071038461538462,0.5,0.8743589743589744,0.46849816849816855,0.12564102564102567,-0.18107829218409172,-0.14285714285714285,29.19884615384615,22.875,120,文本,情绪识别,多选题,3,12,32.0,0.8125,文本 / 多选题 / 情绪识别,轻松,0.8461538461538461,满足｜轻松｜愉悦｜希望｜兴趣,True,负相关复核：同时检查样本、维度、答案键与题意,待填写,待填写,待填写
ITEM-00079,34.0,0.08823529411764706,0.030465943437106874,0.22960486705060304,0.5784352941176472,0.6323529411764706,0.6,0.4544117647058824,0.4,-0.19792786293714532,-0.1111111111111111,36.8235294117647,31.880000000000003,61,视频,情绪推理,多选题,2,8,32.0,1.0625,视频 / 多选题 / 情绪推理,委屈,0.7941176470588235,委屈｜悲伤,True,负相关复核：同时检查样本、维度、答案键与题意,待填写,待填写,待填写
ITEM-00146,31.0,0.45161290322580644,0.29161735871855426,0.6222783248628674,0.7089129032258062,0.7580645161290323,0.7086021505376342,0.636021505376344,0.2913978494623655,0.2046322967407438,0.125,41.2509677419355,38.32,118,文本,情绪识别,多选题,3,12,32.0,0.96875,文本 / 多选题 / 情绪识别,烦躁,0.8387096774193549,烦躁｜失望,True,暂时保留,待填写,待填写,待填写
ITEM-00071,18.0,0.05555555555555555,0.009875190868776959,0.2575730099608091,0.47962777777777776,0.5277777777777778,0.4629629629629629,0.3509259259259259,0.537037037037037,0.19468468857221996,0.25,30.098888888888887,30.855,91,图像,情绪识别,多选题,3,22,17.454545454545453,1.03125,图像 / 多选题 / 情绪识别,失望,0.7777777777777778,失望｜震惊,True,修改后补测；结合选项分布与专家复核,待填写,待填写,待填写
ITEM-00124,39.0,0.6666666666666666,0.5097739427482695,0.793670438919966,0.6666666666666666,0.6666666666666666,0.6666666666666666,0.6666666666666666,0.3333333333333333,0.08650647541223917,0.0,41.359230769230784,40.58,22,音频,情绪识别,单选题,2,7,36.57142857142857,1.06640625,音频 / 单选题 / 情绪识别,释然,0.6666666666666666,释然,True,低区分度：内容审查并考虑补测,待填写,待填写,待填写
ITEM-00034,8.0,0.875,0.5291118149439162,0.9775825088000281,0.875,0.875,0.875,0.875,0.125,-0.06514047490619217,0.0,15.469999999999999,13.879999999999999,43,图像,情绪识别,单选题,2,28,9.142857142857142,0.875,图像 / 单选题 / 情绪识别,爱,0.875,爱,True,需要补充样本后再判断,待填写,待填写,待填写
ITEM-00052,15.0,0.0,0.0,0.20388330359648707,0.5720600000000001,0.5555555555555555,0.6911111111111111,0.4466666666666666,0.3088888888888889,,0.0,21.077333333333335,15.92,94,图像,情绪识别,多选题,3,22,17.454545454545453,0.8593750000000001,图像 / 多选题 / 情绪识别,痛苦,0.6666666666666666,绝望｜痛苦｜委屈,True,修改后补测；结合选项分布与专家复核,待填写,待填写,待填写
ITEM-00089,19.0,0.05263157894736842,0.009351993958601784,0.24638731374732356,0.7062578947368422,0.7192982456140351,0.775438596491228,0.5719298245614034,0.22456140350877193,-0.11100169590868796,-0.2,62.473684210526315,58.66,84,视频,情绪识别,多选题,2,13,19.692307692307693,0.96484375,视频 / 多选题 / 情绪识别,悲伤,0.7894736842105263,担忧｜同情｜悲伤,True,负相关复核：同时检查样本、维度、答案键与题意,待填写,待填写,待填写
ITEM-00049,43.0,0.4186046511627907,0.2838455083487562,0.5667142272534341,0.4186046511627907,0.4186046511627907,0.4186046511627907,0.4186046511627907,0.5813953488372093,-0.017540944498921435,0.09090909090909088,69.76511627906976,65.84,17,音频,情绪识别,单选题,2,7,36.57142857142857,1.17578125,音频 / 单选题 / 情绪识别,敌意,0.4186046511627907,敌意,True,负相关复核：同时检查样本、维度、答案键与题意,待填写,待填写,待填写
ITEM-00069,24.0,0.041666666666666664,0.007393456083597233,0.20241806658845338,0.6301583333333333,0.5694444444444443,0.798611111111111,0.49166666666666664,0.20138888888888887,-0.18832561268909764,0.0,20.63083333333333,19.93,117,文本,情绪识别,多选题,3,12,32.0,0.75,文本 / 多选题 / 情绪识别,爱,0.875,感激｜爱｜愉悦,True,负相关复核：同时检查样本、维度、答案键与题意,待填写,待填写,待填写
ITEM-00068,35.0,0.17142857142857143,0.08102640006436056,0.3268228243870004,0.5868114285714285,0.6142857142857143,0.6257142857142857,0.4828571428571428,0.3742857142857143,0.30175492453770936,0.3333333333333333,26.421142857142854,21.52,116,文本,情绪识别,多选题,3,12,32.0,1.09375,文本 / 多选题 / 情绪识别,不屑,0.8,厌恶｜不屑,True,可能为困难题；内容确认后保留,待填写,待填写,待填写
ITEM-00102,35.0,0.22857142857142856,0.12065879772769536,0.3901731702973419,0.6742914285714287,0.7571428571428571,0.6428571428571429,0.5809523809523809,0.35714285714285715,0.33783907877996283,0.1111111111111111,69.03914285714288,60.27,57,视频,情绪推理,多选题,2,8,32.0,1.09375,视频 / 多选题 / 情绪推理,烦躁,0.8,愤怒｜烦躁,True,可能为困难题；内容确认后保留,待填写,待填写,待填写
ITEM-00082,15.0,0.2,0.0704754929173392,0.45185448924055305,0.6311200000000002,0.7,0.6222222222222221,0.5277777777777778,0.3777777777777778,-0.039968038348871665,0.25,58.57066666666666,55.56,72,视频,情绪识别,多选题,2,13,19.692307692307693,0.76171875,视频 / 多选题 / 情绪识别,紧张,0.8666666666666667,焦虑｜紧张,True,负相关复核：同时检查样本、维度、答案键与题意,待填写,待填写,待填写
ITEM-00122,11.0,0.36363636363636365,0.15166470989133157,0.6461988273798758,0.36363636363636365,0.36363636363636365,0.36363636363636365,0.36363636363636365,0.6363636363636364,-0.13754606108107548,-0.5,27.290000000000006,27.45,5,文本,情绪识别,单选题,1,10,12.8,0.859375,文本 / 单选题 / 情绪识别,羡慕,0.36363636363636365,羡慕,True,需要补充样本后再判断,待填写,待填写,待填写
ITEM-00053,15.0,0.06666666666666667,0.01186689536153232,0.2981653010887565,0.5961933333333335,0.5777777777777778,0.6333333333333333,0.4633333333333333,0.36666666666666664,0.380588981675735,0.25,25.63266666666667,18.63,95,图像,情绪识别,多选题,3,22,17.454545454545453,0.8593750000000001,图像 / 多选题 / 情绪识别,悲伤,0.7333333333333333,悲伤｜委屈｜绝望,True,可能为困难题；内容确认后保留,待填写,待填写,待填写
ITEM-00013,15.0,0.8666666666666667,0.6211801694601944,0.9626387412357151,0.8666666666666667,0.8666666666666667,0.8666666666666667,0.8666666666666667,0.13333333333333333,0.3148370279301836,0.5,13.25,10.59,27,图像,情绪识别,单选题,2,28,9.142857142857142,1.640625,图像 / 单选题 / 情绪识别,愤怒,0.8666666666666667,愤怒,True,暂时保留,待填写,待填写,待填写
ITEM-00061,18.0,0.2777777777777778,0.1249975330046966,0.5087265674100965,0.7677277777777778,0.9444444444444444,0.7092592592592593,0.6537037037037037,0.29074074074074074,-0.1794967682458736,-0.25,22.922777777777778,17.064999999999998,109,图像,情绪识别,多选题,3,22,17.454545454545453,1.03125,图像 / 多选题 / 情绪识别,快乐,0.9444444444444444,快乐｜愉悦,True,负相关复核：同时检查样本、维度、答案键与题意,待填写,待填写,待填写
ITEM-00023,7.0,0.7142857142857143,0.3589344495310541,0.9177810767507166,0.7142857142857143,0.7142857142857143,0.7142857142857143,0.7142857142857143,0.2857142857142857,-0.13155870289605445,-1.0,42.457142857142856,39.13,55,视频,情绪识别,单选题,1,19,6.7368421052631575,1.0390625,视频 / 单选题 / 情绪识别,敌意,0.7142857142857143,敌意,True,需要补充样本后再判断,待填写,待填写,待填写
ITEM-00078,64.0,0.046875,0.016069016661225302,0.1289965382897061,0.5110203125,0.5390625,0.5544270833333333,0.3828125,0.44557291666666665,-0.055430151394825294,-0.058823529411764705,26.937968750000003,22.36,89,图像,情绪推理,多选题,1,2,64.0,1.0,图像 / 多选题 / 情绪推理,悲伤,0.796875,内疚｜悲伤,True,负相关复核：同时检查样本、维度、答案键与题意,待填写,待填写,待填写
ITEM-00012,12.0,0.9166666666666666,0.6461200862787544,0.9851349057603305,0.9166666666666666,0.9166666666666666,0.9166666666666666,0.9166666666666666,0.08333333333333333,0.4891159880445186,0.33333333333333337,17.105,14.469999999999999,26,图像,情绪识别,单选题,2,28,9.142857142857142,1.3125,图像 / 单选题 / 情绪识别,愤怒,0.9166666666666666,愤怒,True,需要补充样本后再判断,待填写,待填写,待填写
ITEM-00110,32.0,0.0,0.0,0.10717919976468034,0.44494687499999996,0.53125,0.41354166666666664,0.31979166666666664,0.5864583333333333,,0.0,38.868750000000006,31.655,59,文本,情绪推理,多选题,1,3,42.666666666666664,0.75,文本 / 多选题 / 情绪推理,痛苦,0.75,痛苦｜抑郁,True,修改后补测；结合选项分布与专家复核,待填写,待填写,待填写
ITEM-00137,33.0,0.15151515151515152,0.06650457239529714,0.30919876025212834,0.6516696969696969,0.7272727272727273,0.6535353535353534,0.5272727272727272,0.3464646464646465,-0.24026903896969343,-0.25,30.728181818181817,29.16,69,音频,情绪识别,多选题,2,9,28.444444444444443,1.16015625,音频 / 多选题 / 情绪识别,愤怒,0.8484848484848485,愤怒｜轻视,True,负相关复核：同时检查样本、维度、答案键与题意,待填写,待填写,待填写
ITEM-00039,13.0,0.8461538461538461,0.5776536874893673,0.9567418220347709,0.8461538461538461,0.8461538461538461,0.8461538461538461,0.8461538461538461,0.15384615384615385,0.023480533575620334,0.0,21.323076923076925,18.18,52,文本,情绪识别,单选题,1,10,12.8,1.015625,文本 / 单选题 / 情绪识别,痛苦,0.8461538461538461,痛苦,True,需要补充样本后再判断,待填写,待填写,待填写
ITEM-00063,16.0,0.1875,0.06591599019788683,0.4300888116754912,0.547025,0.5625,0.5697916666666667,0.4395833333333333,0.4302083333333333,-0.4199938029129083,-0.5,22.064375,20.095,110,图像,情绪识别,多选题,3,22,17.454545454545453,0.9166666666666667,图像 / 多选题 / 情绪识别,愉悦,0.625,轻松｜愉悦,True,负相关复核：同时检查样本、维度、答案键与题意,待填写,待填写,待填写
ITEM-00101,28.0,0.17857142857142858,0.07878501895759982,0.3559142494677742,0.5381035714285715,0.5714285714285714,0.5595238095238094,0.45535714285714285,0.4404761904761904,0.2827720283019609,0.42857142857142855,58.84499999999999,56.209999999999994,55,视频,情绪推理,多选题,2,8,32.0,0.875,视频 / 多选题 / 情绪推理,尴尬,0.6071428571428571,尴尬｜困惑,True,可能为困难题；内容确认后保留,待填写,待填写,待填写
ITEM-00091,28.0,0.25,0.12676494850621306,0.4335567047135223,0.5860571428571429,0.6428571428571429,0.5761904761904761,0.4869047619047619,0.4238095238095238,0.3346430960736845,0.2857142857142857,35.96964285714286,30.39,59,音频,情绪识别,多选题,2,9,28.444444444444443,0.984375,音频 / 多选题 / 情绪识别,痛苦,0.7857142857142857,内疚｜痛苦,True,暂时保留,待填写,待填写,待填写
ITEM-00145,29.0,0.034482758620689655,0.006113214225076519,0.17175522037795662,0.4829310344827587,0.5,0.5310344827586205,0.3614942528735632,0.46896551724137936,0.16448792373994223,0.14285714285714285,40.793793103448266,40.4,69,音频,情绪识别,多选题,2,9,28.444444444444443,1.01953125,音频 / 多选题 / 情绪识别,愤怒,0.7586206896551724,愤怒｜震惊,True,修改后补测；结合选项分布与专家复核,待填写,待填写,待填写
ITEM-00087,17.0,0.11764705882352941,0.032879773465990136,0.3433635080603935,0.6453764705882353,0.7058823529411765,0.6558823529411765,0.515686274509804,0.3441176470588236,-0.2066666666666668,-0.25,49.1064705882353,41.23,77,视频,情绪识别,多选题,2,13,19.692307692307693,0.86328125,视频 / 多选题 / 情绪识别,爱,0.7647058823529411,兴奋｜爱｜惊喜,True,负相关复核：同时检查样本、维度、答案键与题意,待填写,待填写,待填写
ITEM-00135,39.0,0.05128205128205128,0.01417795528745254,0.16885640175960576,0.4608051282051282,0.5256410256410257,0.43119658119658116,0.3354700854700855,0.5688034188034189,-0.012234173100260752,0.0,31.83846153846154,28.12,68,文本,情绪识别,多选题,3,12,32.0,1.21875,文本 / 多选题 / 情绪识别,不屑,0.5641025641025641,不屑｜惊吓,True,负相关复核：同时检查样本、维度、答案键与题意,待填写,待填写,待填写
ITEM-00132,14.0,0.14285714285714285,0.04009392090764893,0.39941379723733705,0.6122500000000001,0.6785714285714286,0.6297619047619047,0.47738095238095235,0.3702380952380952,-0.08446717229993574,0.0,34.811428571428564,31.59,37,图像,情绪识别,多选题,3,22,17.454545454545453,0.8020833333333334,图像 / 多选题 / 情绪识别,恭敬,1.0,平静｜恭敬,True,需要补充样本后再判断,待填写,待填写,待填写
ITEM-00098,28.0,0.03571428571428571,0.0063325197789164955,0.17712197905773489,0.5436214285714287,0.49999999999999994,0.7232142857142857,0.4184523809523809,0.2767857142857143,-0.1116273095281076,-0.14285714285714285,38.28785714285714,32.955,1,视频,情绪推理,多选题,2,8,32.0,0.875,视频 / 多选题 / 情绪推理,自豪,0.75,感激｜自豪｜满足,True,负相关复核：同时检查样本、维度、答案键与题意,待填写,待填写,待填写
ITEM-00025,4.0,0.5,0.15003898774401986,0.8499610122559802,0.5,0.5,0.5,0.5,0.5,,1.0,36.995,33.445,60,视频,情绪识别,单选题,1,19,6.7368421052631575,0.59375,视频 / 单选题 / 情绪识别,痛苦,0.5,痛苦,True,需要补充样本后再判断,待填写,待填写,待填写
ITEM-00104,27.0,0.9629629629629629,0.8171653389987218,0.9934318540919532,0.9629629629629629,0.9629629629629629,0.9629629629629629,0.9629629629629629,0.037037037037037035,-0.20801257358446099,0.0,30.272592592592588,28.9,23,文本,情绪推理,单选题,1,4,32.0,0.84375,文本 / 单选题 / 情绪推理,兴奋,0.9629629629629629,兴奋,True,负相关复核：同时检查样本、维度、答案键与题意,待填写,待填写,待填写
ITEM-00045,31.0,0.2903225806451613,0.16095800079274927,0.4659232947267443,0.2903225806451613,0.2903225806451613,0.2903225806451613,0.2903225806451613,0.7096774193548387,0.044092670828725485,0.0,46.24903225806451,38.11,2,音频,情绪识别,单选题,2,7,36.57142857142857,0.84765625,音频 / 单选题 / 情绪识别,紧张,0.2903225806451613,紧张,True,低区分度：内容审查并考虑补测,待填写,待填写,待填写
ITEM-00058,22.0,0.045454545454545456,0.008069427531839063,0.21798046029102053,0.30000000000000004,0.3409090909090909,0.2840909090909091,0.225,0.7159090909090909,0.18479453031403392,0.2,23.649545454545454,19.575,102,图像,情绪识别,多选题,3,22,17.454545454545453,1.2604166666666667,图像 / 多选题 / 情绪识别,愉悦,0.36363636363636365,感动｜愉悦,True,修改后补测；结合选项分布与专家复核,待填写,待填写,待填写
ITEM-00029,6.0,0.0,0.0,0.39033429165637346,0.0,0.0,0.0,0.0,1.0,,0.0,16.355,15.17,34,图像,情绪识别,单选题,2,28,9.142857142857142,0.65625,图像 / 单选题 / 情绪识别,共情痛苦,0.3333333333333333,厌恶,False,需要补充样本后再判断,待填写,待填写,待填写
ITEM-00010,33.0,0.2727272727272727,0.15067440813206434,0.44217559142060436,0.7013060606060606,0.7878787878787878,0.6909090909090909,0.5974747474747474,0.3090909090909091,0.07230840224245516,0.0,20.94393939393939,18.18,63,文本,情绪识别,多选题,3,12,32.0,1.03125,文本 / 多选题 / 情绪识别,兴奋,0.8181818181818182,惊喜｜兴奋,True,低区分度：内容审查并考虑补测,待填写,待填写,待填写
ITEM-00144,31.0,0.45161290322580644,0.29161735871855426,0.6222783248628674,0.45161290322580644,0.45161290322580644,0.45161290322580644,0.45161290322580644,0.5483870967741935,0.03811161074459465,0.125,42.149354838709684,32.44,118,文本,情绪推理,单选题,1,4,32.0,0.96875,文本 / 单选题 / 情绪推理,失望,0.45161290322580644,失望,True,低区分度：内容审查并考虑补测,待填写,待填写,待填写
ITEM-00044,21.0,0.0,0.0,0.15463902098714374,0.5698571428571431,0.5476190476190477,0.6825396825396824,0.4246031746031746,0.3174603174603174,,0.0,22.749047619047616,20.75,80,视频,情绪识别,多选题,2,13,19.692307692307693,1.06640625,视频 / 多选题 / 情绪识别,紧张,0.9047619047619048,紧张｜惊讶,True,修改后补测；结合选项分布与专家复核,待填写,待填写,待填写
ITEM-00131,14.0,0.07142857142857142,0.012722215106604151,0.31468704666737907,0.5765428571428571,0.6785714285714286,0.5761904761904761,0.4511904761904762,0.42380952380952375,-0.22585868535211973,0.0,20.79714285714286,21.814999999999998,115,图像,情绪识别,多选题,3,22,17.454545454545453,0.8020833333333334,图像 / 多选题 / 情绪识别,兴奋,0.7142857142857143,兴奋｜愉悦,True,需要补充样本后再判断,待填写,待填写,待填写
ITEM-00080,35.0,0.0,0.0,0.0989009937303319,0.4547342857142858,0.36428571428571427,0.6809523809523809,0.3162585034013605,0.319047619047619,,0.0,45.21371428571428,37.88,65,视频,情绪推理,多选题,2,8,32.0,1.09375,视频 / 多选题 / 情绪推理,遗憾,0.7714285714285715,怀旧｜感动｜愉悦｜遗憾,True,修改后补测；结合选项分布与专家复核,待填写,待填写,待填写
ITEM-00030,8.0,0.5,0.21521606069626764,0.7847839393037324,0.5,0.5,0.5,0.5,0.5,0.4008918628686365,0.0,13.69875,12.8,42,图像,情绪识别,单选题,2,28,9.142857142857142,0.875,图像 / 单选题 / 情绪识别,困惑,0.5,困惑,True,需要补充样本后再判断,待填写,待填写,待填写
ITEM-00042,22.0,0.18181818181818182,0.07306884532528965,0.3851660761507122,0.5759818181818182,0.6136363636363636,0.6015151515151516,0.4651515151515152,0.39848484848484844,-0.22329083797831029,-0.2,35.1240909090909,29.22,61,视频,情绪识别,多选题,2,13,19.692307692307693,1.1171875,视频 / 多选题 / 情绪识别,委屈,0.6363636363636364,委屈｜悲伤,True,负相关复核：同时检查样本、维度、答案键与题意,待填写,待填写,待填写
ITEM-00038,9.0,0.7777777777777778,0.4525889666922117,0.9367748934594303,0.7777777777777778,0.7777777777777778,0.7777777777777778,0.7777777777777778,0.2222222222222222,0.10910894511799615,0.0,34.77333333333333,31.28,51,文本,情绪识别,单选题,1,10,12.8,0.703125,文本 / 单选题 / 情绪识别,自满,0.7777777777777778,自满,True,需要补充样本后再判断,待填写,待填写,待填写
ITEM-00028,3.0,0.3333333333333333,0.06149194402093078,0.7923404011921757,0.3333333333333333,0.3333333333333333,0.3333333333333333,0.3333333333333333,0.6666666666666666,,1.0,22.626666666666665,11.3,24,图像,情绪识别,单选题,2,28,9.142857142857142,0.328125,图像 / 单选题 / 情绪识别,希望,0.3333333333333333,悲伤,False,需要补充样本后再判断,待填写,待填写,待填写
ITEM-00129,21.0,0.19047619047619047,0.07667564999345375,0.40000564871287325,0.4793666666666667,0.5,0.4880952380952381,0.39841269841269844,0.5119047619047619,0.3093297246493451,0.2,23.375714285714288,20.36,103,图像,情绪识别,多选题,3,22,17.454545454545453,1.203125,图像 / 多选题 / 情绪识别,不屑,0.6666666666666666,不屑｜敌意,True,可能为困难题；内容确认后保留,待填写,待填写,待填写
ITEM-00041,18.0,0.16666666666666666,0.05836576760185505,0.39222038302033446,0.16666666666666666,0.16666666666666666,0.16666666666666666,0.16666666666666666,0.8333333333333334,0.05383819020581663,0.0,18.413888888888884,16.86,54,文本,情绪识别,单选题,1,10,12.8,1.40625,文本 / 单选题 / 情绪识别,嫉妒,0.16666666666666666,自满,False,修改后补测；结合选项分布与专家复核,待填写,待填写,待填写
ITEM-00136,21.0,0.047619047619047616,0.00845598771610133,0.22669360270083821,0.6147380952380954,0.5873015873015872,0.6865079365079365,0.49126984126984125,0.3134920634920635,-0.29361380759439026,-0.2,25.944285714285716,24.06,71,文本,情绪识别,多选题,3,12,32.0,0.65625,文本 / 多选题 / 情绪识别,委屈,0.8571428571428571,委屈｜恐惧｜不屑,True,负相关复核：同时检查样本、维度、答案键与题意,待填写,待填写,待填写
ITEM-00019,7.0,0.5714285714285714,0.25045836275303557,0.8417801460075546,0.5714285714285714,0.5714285714285714,0.5714285714285714,0.5714285714285714,0.42857142857142855,0.10629880069054673,0.0,27.93,30.06,12,视频,情绪识别,单选题,1,19,6.7368421052631575,1.0390625,视频 / 单选题 / 情绪识别,烦躁,0.5714285714285714,烦躁,True,需要补充样本后再判断,待填写,待填写,待填写
ITEM-00090,29.0,0.13793103448275862,0.054974399258594736,0.3055899387659865,0.6533758620689656,0.7931034482758621,0.6160919540229886,0.5270114942528735,0.38390804597701156,0.1646595161666548,0.0,39.894137931034486,35.89,56,音频,情绪识别,多选题,2,9,28.444444444444443,1.01953125,音频 / 多选题 / 情绪识别,怨恨,0.8620689655172413,怨恨｜失望,True,修改后补测；结合选项分布与专家复核,待填写,待填写,待填写
ITEM-00014,8.0,0.875,0.5291118149439162,0.9775825088000281,0.875,0.875,0.875,0.875,0.125,0.5360446202251746,0.5,40.4025,38.14,1,视频,情绪识别,单选题,1,19,6.7368421052631575,1.1875,视频 / 单选题 / 情绪识别,崇拜,0.875,崇拜,True,需要补充样本后再判断,待填写,待填写,待填写
ITEM-00056,11.0,0.2727272727272727,0.09746059213308628,0.5656453033189257,0.2727272727272727,0.2727272727272727,0.2727272727272727,0.2727272727272727,0.7272727272727273,0.040378642654362376,0.0,25.90090909090909,23.4,101,图像,情绪识别,单选题,2,28,9.142857142857142,1.203125,图像 / 单选题 / 情绪识别,担忧,0.2727272727272727,担忧,True,需要补充样本后再判断,待填写,待填写,待填写
ITEM-00126,17.0,0.0,-1.3877787807814457e-17,0.18431813738065556,0.3966411764705883,0.4411764705882353,0.41960784313725485,0.2784313725490196,0.5803921568627451,,0.0,29.97470588235294,27.87,86,视频,情绪识别,多选题,2,13,19.692307692307693,0.86328125,视频 / 多选题 / 情绪识别,惊讶,0.7647058823529411,惊讶｜愉悦,True,修改后补测；结合选项分布与专家复核,待填写,待填写,待填写
ITEM-00093,36.0,0.2222222222222222,0.11716331916128725,0.38084703082142346,0.6428611111111111,0.7222222222222222,0.6240740740740741,0.5453703703703704,0.375925925925926,0.09688582760884286,0.0,40.87527777777777,30.95,75,音频,情绪识别,多选题,2,9,28.444444444444443,1.265625,音频 / 多选题 / 情绪识别,委屈,0.7222222222222222,委屈｜悲伤,True,修改后补测；结合选项分布与专家复核,待填写,待填写,待填写
ITEM-00047,16.0,0.1875,0.06591599019788683,0.4300888116754912,0.6376437500000001,0.625,0.7354166666666666,0.5364583333333333,0.26458333333333334,0.17572114571482705,0.25,24.405625,17.799999999999997,90,图像,情绪识别,多选题,3,22,17.454545454545453,0.9166666666666667,图像 / 多选题 / 情绪识别,愉悦,0.6875,惊喜｜快乐｜愉悦,True,修改后补测；结合选项分布与专家复核,待填写,待填写,待填写
ITEM-00002,30.0,0.5333333333333333,0.3614229949695976,0.6976761120463056,0.5333333333333333,0.5333333333333333,0.5333333333333333,0.5333333333333333,0.4666666666666667,0.21759136614588367,0.25,43.41700000000001,41.79,6,视频,情绪推理,单选题,1,4,32.0,0.9375,视频 / 单选题 / 情绪推理,感动,0.5333333333333333,感动,True,暂时保留,待填写,待填写,待填写
ITEM-00134,34.0,0.20588235294117646,0.10349526842851586,0.3679838819198484,0.6754970588235294,0.7647058823529411,0.642156862745098,0.5735294117647058,0.35784313725490197,-0.03033145324591985,0.1111111111111111,35.2235294117647,33.025,67,文本,情绪识别,多选题,3,12,32.0,1.0625,文本 / 多选题 / 情绪识别,敌意,0.8823529411764706,不屑｜敌意,True,负相关复核：同时检查样本、维度、答案键与题意,待填写,待填写,待填写
ITEM-00059,12.0,0.75,0.4676946629183366,0.9110583323051143,0.75,0.75,0.75,0.75,0.25,-0.10286889997472817,-0.3333333333333333,23.1775,15.595,15,文本,情绪识别,单选题,1,10,12.8,0.9375,文本 / 单选题 / 情绪识别,羞耻,0.75,羞耻,True,需要补充样本后再判断,待填写,待填写,待填写
ITEM-00054,15.0,0.06666666666666667,0.01186689536153232,0.2981653010887565,0.6188866666666667,0.6,0.7122222222222222,0.4988888888888888,0.28777777777777774,-0.09001800540180069,0.0,16.010666666666665,13.9,97,图像,情绪识别,多选题,3,22,17.454545454545453,0.8593750000000001,图像 / 多选题 / 情绪识别,轻松,0.7333333333333333,希望｜轻松｜愉悦,True,负相关复核：同时检查样本、维度、答案键与题意,待填写,待填写,待填写
ITEM-00075,29.0,0.10344827586206896,0.035814891071239724,0.26385081247949216,0.5886793103448277,0.6379310344827587,0.6172413793103447,0.47068965517241373,0.38275862068965516,-0.29011568050835346,-0.2857142857142857,22.71068965517241,16.56,108,图像,情绪识别,多选题,3,22,17.454545454545453,1.6614583333333335,图像 / 多选题 / 情绪识别,愤怒,0.6551724137931034,震惊｜愤怒,True,负相关复核：同时检查样本、维度、答案键与题意,待填写,待填写,待填写
ITEM-00001,5.0,0.8,0.375534627029995,0.9637758917743693,0.8,0.8,0.8,0.8,0.2,-0.5160468465421402,-1.0,33.89,26.62,3,视频,情绪识别,单选题,1,19,6.7368421052631575,0.7421875,视频 / 单选题 / 情绪识别,震惊,0.8,震惊,True,需要补充样本后再判断,待填写,待填写,待填写
ITEM-00113,7.0,0.14285714285714285,0.025679624057823897,0.5131278321392249,0.14285714285714285,0.14285714285714285,0.14285714285714285,0.14285714285714285,0.8571428571428571,0.4166666666666669,1.0,22.407142857142855,22.19,36,图像,情绪识别,单选题,2,28,9.142857142857142,0.765625,图像 / 单选题 / 情绪识别,好奇,0.42857142857142855,共情痛苦,False,需要补充样本后再判断,待填写,待填写,待填写
ITEM-00105,41.0,0.04878048780487805,0.013480945243651773,0.16138978994036302,0.5430317073170732,0.5040650406504065,0.6890243902439024,0.4150406504065041,0.31097560975609756,0.6182076459879312,0.18181818181818182,46.1290243902439,42.89,2,音频,情绪推理,多选题,2,6,42.666666666666664,0.9609375,音频 / 多选题 / 情绪推理,紧张,0.6585365853658537,焦虑｜紧张｜内疚,True,可能为困难题；内容确认后保留,待填写,待填写,待填写
ITEM-00083,19.0,0.05263157894736842,0.009351993958601784,0.24638731374732356,0.5563947368421054,0.5789473684210527,0.5956140350877193,0.4131578947368421,0.40438596491228074,0.6602787308012059,0.2,82.2657894736842,57.63,73,视频,情绪识别,多选题,2,13,19.692307692307693,0.96484375,视频 / 多选题 / 情绪识别,爱,0.8421052631578947,爱｜释然,True,可能为困难题；内容确认后保留,待填写,待填写,待填写
ITEM-00074,14.0,0.7857142857142857,0.5241076920169465,0.9242861334670647,0.7857142857142857,0.7857142857142857,0.7857142857142857,0.7857142857142857,0.21428571428571427,0.19591793788175302,0.0,23.19,18.215,121,文本,情绪识别,单选题,1,10,12.8,1.09375,文本 / 单选题 / 情绪识别,自豪,0.7857142857142857,自豪,True,需要补充样本后再判断,待填写,待填写,待填写
ITEM-00008,8.0,0.0,0.0,0.3244075683414076,0.0,0.0,0.0,0.0,1.0,,0.0,24.994999999999997,23.185000000000002,30,图像,情绪识别,单选题,2,28,9.142857142857142,0.875,图像 / 单选题 / 情绪识别,共情痛苦,0.125,困惑,False,需要补充样本后再判断,待填写,待填写,待填写
ITEM-00128,17.0,0.17647058823529413,0.06191126589146398,0.4102945877077837,0.5980470588235295,0.6176470588235294,0.6274509803921569,0.4852941176470587,0.37254901960784315,0.31935205270153033,0.5,19.364117647058823,17.99,100,图像,情绪识别,多选题,3,22,17.454545454545453,0.9739583333333334,图像 / 多选题 / 情绪识别,兴奋,0.8823529411764706,兴奋｜期望,True,可能为困难题；内容确认后保留,待填写,待填写,待填写
ITEM-00055,18.0,0.05555555555555555,0.009875190868776959,0.2575730099608091,0.6806833333333332,0.6527777777777778,0.7833333333333333,0.5648148148148149,0.21666666666666667,-0.2400980191995123,-0.25,24.23611111111111,20.439999999999998,98,图像,情绪识别,多选题,3,22,17.454545454545453,1.03125,图像 / 多选题 / 情绪识别,快乐,0.8333333333333334,兴奋｜轻松｜愉悦｜快乐,True,负相关复核：同时检查样本、维度、答案键与题意,待填写,待填写,待填写
ITEM-00062,10.0,0.8,0.4901624691221323,0.9433178490622331,0.8,0.8,0.8,0.8,0.2,0.04096159602595202,-0.5,23.565,19.14,23,文本,情绪识别,单选题,1,10,12.8,0.78125,文本 / 单选题 / 情绪识别,惊喜,0.8,惊喜,True,需要补充样本后再判断,待填写,待填写,待填写
ITEM-00114,9.0,0.1111111111111111,0.01989088741690992,0.4349997083707909,0.1111111111111111,0.1111111111111111,0.1111111111111111,0.1111111111111111,0.8888888888888888,0.5909090909090909,0.5,18.17222222222222,13.16,38,图像,情绪识别,单选题,2,28,9.142857142857142,0.984375,图像 / 单选题 / 情绪识别,困惑,0.3333333333333333,遗憾,False,需要补充样本后再判断,待填写,待填写,待填写
ITEM-00081,26.0,0.15384615384615385,0.06150033680770284,0.3353119949351658,0.6232653846153847,0.6730769230769231,0.6307692307692307,0.5025641025641024,0.3692307692307693,-0.26021701007932874,-0.14285714285714285,53.964615384615385,51.03,58,视频,情绪识别,多选题,2,13,19.692307692307693,1.3203125,视频 / 多选题 / 情绪识别,审美欣赏,0.7692307692307693,审美欣赏｜怀旧,True,负相关复核：同时检查样本、维度、答案键与题意,待填写,待填写,待填写
ITEM-00133,11.0,0.09090909090909091,0.016232172705325593,0.3773584391082959,0.3727272727272727,0.45454545454545453,0.32575757575757575,0.30606060606060603,0.6742424242424242,0.10673521004472303,0.0,27.543636363636367,18.88,99,图像,情绪识别,多选题,3,22,17.454545454545453,0.6302083333333334,图像 / 多选题 / 情绪识别,平静,0.45454545454545453,平静｜期待,True,需要补充样本后再判断,待填写,待填写,待填写
ITEM-00085,13.0,0.3076923076923077,0.12680703567070326,0.5763065701492199,0.7930384615384616,0.9615384615384616,0.7025641025641026,0.6897435897435897,0.2974358974358975,-0.33163836075902653,-0.3333333333333333,30.97384615384615,28.63,76,视频,情绪识别,多选题,2,13,19.692307692307693,0.66015625,视频 / 多选题 / 情绪识别,自豪,1.0,自豪｜兴奋,True,需要补充样本后再判断,待填写,待填写,待填写
ITEM-00033,9.0,0.5555555555555556,0.26665129180087416,0.8112214802294544,0.5555555555555556,0.5555555555555556,0.5555555555555556,0.5555555555555556,0.4444444444444444,-0.0316227766016839,0.0,12.407777777777778,10.61,44,图像,情绪识别,单选题,2,28,9.142857142857142,0.984375,图像 / 单选题 / 情绪识别,惊讶,0.5555555555555556,惊讶,True,需要补充样本后再判断,待填写,待填写,待填写
ITEM-00050,20.0,0.25,0.11186170069997625,0.46870087939258864,0.695015,0.725,0.7499999999999999,0.5916666666666666,0.24999999999999994,-0.05425921863308766,0.0,18.911,16.23,92,图像,情绪识别,多选题,3,22,17.454545454545453,1.1458333333333335,图像 / 多选题 / 情绪识别,怨恨,0.85,敌意｜怨恨,True,负相关复核：同时检查样本、维度、答案键与题意,待填写,待填写,待填写
ITEM-00022,9.0,0.6666666666666666,0.35420213352505864,0.8794161825659264,0.6666666666666666,0.6666666666666666,0.6666666666666666,0.6666666666666666,0.3333333333333333,0.2169304578186562,0.0,40.84,35.48,16,视频,情绪识别,单选题,1,19,6.7368421052631575,1.3359375,视频 / 单选题 / 情绪识别,震惊,0.6666666666666666,震惊,True,需要补充样本后再判断,待填写,待填写,待填写
ITEM-00111,12.0,0.5833333333333334,0.31951131084242423,0.8067396875653928,0.5833333333333334,0.5833333333333334,0.5833333333333334,0.5833333333333334,0.4166666666666667,-0.2548235957188128,-0.3333333333333333,15.810833333333333,15.48,31,图像,情绪识别,单选题,2,28,9.142857142857142,1.3125,图像 / 单选题 / 情绪识别,无奈,0.5833333333333334,无奈,True,需要补充样本后再判断,待填写,待填写,待填写
ITEM-00127,20.0,0.05,0.008881448702335523,0.23613119546428119,0.48571500000000006,0.4499999999999999,0.575,0.3516666666666667,0.425,-0.06088061449793078,0.0,69.15450000000001,60.075,87,视频,情绪识别,多选题,2,13,19.692307692307693,1.015625,视频 / 多选题 / 情绪识别,震惊,0.6,震惊｜蔑视｜同情,True,负相关复核：同时检查样本、维度、答案键与题意,待填写,待填写,待填写
ITEM-00032,5.0,0.4,0.11762077314099711,0.7692757205908813,0.4,0.4,0.4,0.4,0.6,0.38888888888888906,1.0,20.490000000000002,19.73,41,图像,情绪识别,单选题,2,28,9.142857142857142,0.546875,图像 / 单选题 / 情绪识别,愉悦,0.4,愉悦,True,需要补充样本后再判断,待填写,待填写,待填写
ITEM-00067,9.0,0.5555555555555556,0.26665129180087416,0.8112214802294544,0.5555555555555556,0.5555555555555556,0.5555555555555556,0.5555555555555556,0.4444444444444444,0.22556657928456694,0.0,17.642222222222223,17.13,114,图像,情绪识别,单选题,2,28,9.142857142857142,0.984375,图像 / 单选题 / 情绪识别,震惊,0.5555555555555556,震惊,True,需要补充样本后再判断,待填写,待填写,待填写
ITEM-00026,8.0,0.625,0.30574239265377096,0.8631557152608771,0.625,0.625,0.625,0.625,0.375,0.6546536707079773,1.0,47.42,51.239999999999995,64,视频,情绪识别,单选题,1,19,6.7368421052631575,1.1875,视频 / 单选题 / 情绪识别,悲伤,0.625,悲伤,True,需要补充样本后再判断,待填写,待填写,待填写
ITEM-00066,17.0,0.0,-1.3877787807814457e-17,0.18431813738065556,0.6723588235294118,0.6029411764705882,0.8647058823529411,0.5470588235294118,0.13529411764705881,,0.0,19.174705882352942,16.63,113,图像,情绪识别,多选题,3,22,17.454545454545453,0.9739583333333334,图像 / 多选题 / 情绪识别,悲伤,0.8235294117647058,渴望｜痛苦｜悲伤｜绝望,True,修改后补测；结合选项分布与专家复核,待填写,待填写,待填写
ITEM-00017,6.0,0.8333333333333334,0.4364971749742326,0.969946630588185,0.8333333333333334,0.8333333333333334,0.8333333333333334,0.8333333333333334,0.16666666666666666,0.23354968324845687,0.0,36.09,41.845,10,视频,情绪识别,单选题,1,19,6.7368421052631575,0.890625,视频 / 单选题 / 情绪识别,愤怒,0.8333333333333334,愤怒,True,需要补充样本后再判断,待填写,待填写,待填写
ITEM-00116,12.0,0.5833333333333334,0.31951131084242423,0.8067396875653928,0.5833333333333334,0.5833333333333334,0.5833333333333334,0.5833333333333334,0.4166666666666667,0.1542588757285806,0.3333333333333333,18.587500000000002,14.665,46,图像,情绪识别,单选题,2,28,9.142857142857142,1.3125,图像 / 单选题 / 情绪识别,悲伤,0.5833333333333334,悲伤,True,需要补充样本后再判断,待填写,待填写,待填写
ITEM-00147,4.0,0.75,0.3006418400969081,0.954412739704631,0.75,0.75,0.75,0.75,0.25,,1.0,49.1725,48.665,6,视频,情绪识别,单选题,1,19,6.7368421052631575,0.59375,视频 / 单选题 / 情绪识别,感动,0.75,感动,True,需要补充样本后再判断,待填写,待填写,待填写
ITEM-00120,8.0,0.125,0.022417491199971912,0.47088818505608376,0.125,0.125,0.125,0.125,0.875,-0.19557956467948945,0.0,25.5625,15.799999999999999,105,图像,情绪识别,单选题,2,28,9.142857142857142,0.875,图像 / 单选题 / 情绪识别,不屑,0.125,紧张,False,需要补充样本后再判断,待填写,待填写,待填写
ITEM-00021,6.0,0.16666666666666666,0.030053369411815023,0.5635028250257673,0.16666666666666666,0.16666666666666666,0.16666666666666666,0.16666666666666666,0.8333333333333334,0.31622776601683794,0.0,54.96,54.16,14,视频,情绪识别,单选题,1,19,6.7368421052631575,0.890625,视频 / 单选题 / 情绪识别,兴趣,0.16666666666666666,怀旧,False,需要补充样本后再判断,待填写,待填写,待填写
ITEM-00016,8.0,0.75,0.40927542792725174,0.9285207879020445,0.75,0.75,0.75,0.75,0.25,-0.4622501635210241,-0.5,55.5125,60.04,9,视频,情绪识别,单选题,1,19,6.7368421052631575,1.1875,视频 / 单选题 / 情绪识别,不屑,0.75,不屑,True,需要补充样本后再判断,待填写,待填写,待填写
ITEM-00117,10.0,0.2,0.05668215093776685,0.5098375308778678,0.2,0.2,0.2,0.2,0.8,0.21128856368212914,0.5,24.398999999999997,20.0,47,图像,情绪识别,单选题,2,28,9.142857142857142,1.09375,图像 / 单选题 / 情绪识别,委屈,0.2,焦虑,False,需要补充样本后再判断,待填写,待填写,待填写
ITEM-00119,8.0,0.25,0.07147921209795555,0.5907245720727483,0.25,0.25,0.25,0.25,0.75,0.029197858123689142,0.0,21.3125,18.785,49,图像,情绪识别,单选题,2,28,9.142857142857142,0.875,图像 / 单选题 / 情绪识别,厌倦,0.25,厌倦,True,需要补充样本后再判断,待填写,待填写,待填写
ITEM-00006,6.0,0.8333333333333334,0.4364971749742326,0.969946630588185,0.8333333333333334,0.8333333333333334,0.8333333333333334,0.8333333333333334,0.16666666666666666,-0.5477225575051661,0.0,18.276666666666667,15.379999999999999,28,图像,情绪识别,单选题,2,28,9.142857142857142,0.65625,图像 / 单选题 / 情绪识别,紧张,0.8333333333333334,紧张,True,需要补充样本后再判断,待填写,待填写,待填写
ITEM-00011,10.0,0.9,0.5958499704752279,0.982123787103926,0.9,0.9,0.9,0.9,0.1,-0.2791345381070267,-0.5,23.837000000000003,22.165,25,图像,情绪识别,单选题,2,28,9.142857142857142,1.09375,图像 / 单选题 / 情绪识别,担忧,0.9,担忧,True,需要补充样本后再判断,待填写,待填写,待填写
ITEM-00148,12.0,0.75,0.4676946629183366,0.9110583323051143,0.75,0.75,0.75,0.75,0.25,-0.2,-0.33333333333333337,29.011666666666667,24.715,62,视频,情绪识别,单选题,1,19,6.7368421052631575,1.78125,视频 / 单选题 / 情绪识别,尴尬,0.75,尴尬,True,需要补充样本后再判断,待填写,待填写,待填写
ITEM-00060,11.0,0.2727272727272727,0.09746059213308628,0.5656453033189257,0.2727272727272727,0.2727272727272727,0.2727272727272727,0.2727272727272727,0.7272727272727273,0.5055952142586648,0.5,30.10545454545455,22.52,18,文本,情绪识别,单选题,1,10,12.8,0.859375,文本 / 单选题 / 情绪识别,感激,0.2727272727272727,感激,True,需要补充样本后再判断,待填写,待填写,待填写
ITEM-00118,11.0,0.36363636363636365,0.15166470989133157,0.6461988273798758,0.36363636363636365,0.36363636363636365,0.36363636363636365,0.36363636363636365,0.6363636363636364,-0.23788555488583166,-0.5,19.248181818181816,15.68,48,图像,情绪识别,单选题,2,28,9.142857142857142,1.203125,图像 / 单选题 / 情绪识别,困惑,0.36363636363636365,困惑,True,需要补充样本后再判断,待填写,待填写,待填写
ITEM-00005,8.0,0.5,0.21521606069626764,0.7847839393037324,0.5,0.5,0.5,0.5,0.5,-0.08873565094161139,0.5,32.99625,27.57,70,视频,情绪识别,单选题,1,19,6.7368421052631575,1.1875,视频 / 单选题 / 情绪识别,审美欣赏,0.5,审美欣赏,True,需要补充样本后再判断,待填写,待填写,待填写
ITEM-00036,7.0,0.14285714285714285,0.025679624057823897,0.5131278321392249,0.14285714285714285,0.14285714285714285,0.14285714285714285,0.14285714285714285,0.8571428571428571,-0.41957319583913677,0.0,28.185714285714287,22.71,45,图像,情绪识别,单选题,2,28,9.142857142857142,0.765625,图像 / 单选题 / 情绪识别,担忧,0.2857142857142857,兴趣,False,需要补充样本后再判断,待填写,待填写,待填写
ITEM-00018,6.0,0.8333333333333334,0.4364971749742326,0.969946630588185,0.8333333333333334,0.8333333333333334,0.8333333333333334,0.8333333333333334,0.16666666666666666,-0.5,0.0,28.406666666666666,28.630000000000003,11,视频,情绪识别,单选题,1,19,6.7368421052631575,0.890625,视频 / 单选题 / 情绪识别,共情痛苦,0.8333333333333334,共情痛苦,True,需要补充样本后再判断,待填写,待填写,待填写
ITEM-00003,3.0,0.6666666666666666,0.2076595988078242,0.9385080559790691,0.6666666666666666,0.6666666666666666,0.6666666666666666,0.6666666666666666,0.3333333333333333,,0.0,39.93333333333334,35.48,21,视频,情绪识别,单选题,1,19,6.7368421052631575,0.4453125,视频 / 单选题 / 情绪识别,遗憾,0.6666666666666666,遗憾,True,需要补充样本后再判断,待填写,待填写,待填写
ITEM-00024,3.0,0.3333333333333333,0.06149194402093078,0.7923404011921757,0.3333333333333333,0.3333333333333333,0.3333333333333333,0.3333333333333333,0.6666666666666666,,1.0,68.74,68.3,57,视频,情绪识别,单选题,1,19,6.7368421052631575,0.4453125,视频 / 单选题 / 情绪识别,不屑,0.3333333333333333,紧张,False,需要补充样本后再判断,待填写,待填写,待填写
ITEM-00112,7.0,0.0,-2.7755575615628914e-17,0.35433043867586833,0.0,0.0,0.0,0.0,1.0,,0.0,20.42142857142857,20.2,35,图像,情绪识别,单选题,2,28,9.142857142857142,0.765625,图像 / 单选题 / 情绪识别,愤怒,0.2857142857142857,烦躁,False,需要补充样本后再判断,待填写,待填写,待填写
ITEM-00035,3.0,0.3333333333333333,0.06149194402093078,0.7923404011921757,0.3333333333333333,0.3333333333333333,0.3333333333333333,0.3333333333333333,0.6666666666666666,,0.0,11.946666666666667,12.65,96,图像,情绪识别,单选题,2,28,9.142857142857142,0.328125,图像 / 单选题 / 情绪识别,恐惧,0.3333333333333333,惊讶,False,需要补充样本后再判断,待填写,待填写,待填写
