题目编号,题目标题,素材模态,能力类型,选项形式,有效作答人数,严格完全识别率,平均部分标签得分,平均标签召回率,平均标签准确率,平均非标准标签误选率,同能力校正题总相关,高低27%组D值,平均强度匹配得分,被试级平均强度,最大敏感性差值,统计预警项数,统计预警原因,统计初筛建议
判别参考,,,,,≥15,<0.25预警（多选须结合部分得分）,,,,,≥0.15,≥0.20,,,<0.10,越少越好,,统计初筛，须内容复核
ITEM-00046,89,图像,情绪识别,多选题,12.0,0.0,0.5531833333333332,0.625,0.5750000000000001,0.425,,0.0,0.4791666666666667,3.9791666666666665,0.12348333333333322,5,样本量<15；严格完全识别率<0.25；校正题总相关不可计算；D值<0.20；敏感性差值≥0.10,需要补充样本后再判断
ITEM-00003,21,视频,情绪识别,单选题,3.0,0.6666666666666666,0.6666666666666666,0.6666666666666666,0.6666666666666666,0.3333333333333333,,0.0,0.5,4.0,0.16666666666666663,4,样本量<15；校正题总相关不可计算；D值<0.20；敏感性差值≥0.10,需要补充样本后再判断
ITEM-00035,96,图像,情绪识别,单选题,3.0,0.3333333333333333,0.3333333333333333,0.3333333333333333,0.3333333333333333,0.6666666666666666,,0.0,0.3333333333333333,5.0,0.1333333333333333,4,样本量<15；校正题总相关不可计算；D值<0.20；敏感性差值≥0.10,需要补充样本后再判断
ITEM-00029,34,图像,情绪识别,单选题,6.0,0.0,0.0,0.0,0.0,1.0,,0.0,0.0,3.8333333333333335,0.0,4,样本量<15；严格完全识别率<0.25；校正题总相关不可计算；D值<0.20,需要补充样本后再判断
ITEM-00021,14,视频,情绪识别,单选题,6.0,0.16666666666666666,0.16666666666666666,0.16666666666666666,0.16666666666666666,0.8333333333333334,0.31622776601683794,0.0,0.125,3.8333333333333335,0.11904761904761904,4,样本量<15；严格完全识别率<0.25；D值<0.20；敏感性差值≥0.10,需要补充样本后再判断
ITEM-00006,28,图像,情绪识别,单选题,6.0,0.8333333333333334,0.8333333333333334,0.8333333333333334,0.8333333333333334,0.16666666666666666,-0.5477225575051661,0.0,0.5833333333333334,4.166666666666667,0.11904761904761907,4,样本量<15；校正题总相关<0.15；D值<0.20；敏感性差值≥0.10,需要补充样本后再判断
ITEM-00018,11,视频,情绪识别,单选题,6.0,0.8333333333333334,0.8333333333333334,0.8333333333333334,0.8333333333333334,0.16666666666666666,-0.5,0.0,0.75,4.666666666666667,0.11904761904761907,4,样本量<15；校正题总相关<0.15；D值<0.20；敏感性差值≥0.10,需要补充样本后再判断
ITEM-00036,45,图像,情绪识别,单选题,7.0,0.14285714285714285,0.14285714285714285,0.14285714285714285,0.14285714285714285,0.8571428571428571,-0.41957319583913677,0.0,0.10714285714285714,3.142857142857143,0.0,4,样本量<15；严格完全识别率<0.25；校正题总相关<0.15；D值<0.20,需要补充样本后再判断
ITEM-00112,35,图像,情绪识别,单选题,7.0,0.0,0.0,0.0,0.0,1.0,,0.0,0.0,4.0,0.0,4,样本量<15；严格完全识别率<0.25；校正题总相关不可计算；D值<0.20,需要补充样本后再判断
ITEM-00008,30,图像,情绪识别,单选题,8.0,0.0,0.0,0.0,0.0,1.0,,0.0,0.0,3.25,0.0,4,样本量<15；严格完全识别率<0.25；校正题总相关不可计算；D值<0.20,需要补充样本后再判断
ITEM-00120,105,图像,情绪识别,单选题,8.0,0.125,0.125,0.125,0.125,0.875,-0.19557956467948945,0.0,0.09375,4.125,0.0,4,样本量<15；严格完全识别率<0.25；校正题总相关<0.15；D值<0.20,需要补充样本后再判断
ITEM-00033,44,图像,情绪识别,单选题,9.0,0.5555555555555556,0.5555555555555556,0.5555555555555556,0.5555555555555556,0.4444444444444444,-0.0316227766016839,0.0,0.4166666666666667,4.0,0.10101010101010105,4,样本量<15；校正题总相关<0.15；D值<0.20；敏感性差值≥0.10,需要补充样本后再判断
ITEM-00133,99,图像,情绪识别,多选题,11.0,0.09090909090909091,0.3727272727272727,0.45454545454545453,0.32575757575757575,0.6742424242424242,0.10673521004472303,0.0,0.375,3.5303030303030307,0.03125,4,样本量<15；严格完全识别率<0.25；校正题总相关<0.15；D值<0.20,需要补充样本后再判断
ITEM-00085,76,视频,情绪识别,多选题,13.0,0.3076923076923077,0.7930384615384616,0.9615384615384616,0.7025641025641026,0.2974358974358975,-0.33163836075902653,-0.3333333333333333,0.7980769230769231,4.216666666666667,0.10641025641025648,4,样本量<15；校正题总相关<0.15；D值<0.20；敏感性差值≥0.10,需要补充样本后再判断
ITEM-00132,37,图像,情绪识别,多选题,14.0,0.14285714285714285,0.6122500000000001,0.6785714285714286,0.6297619047619047,0.3702380952380952,-0.08446717229993574,0.0,0.5,3.5952380952380953,0.0,4,样本量<15；严格完全识别率<0.25；校正题总相关<0.15；D值<0.20,需要补充样本后再判断
ITEM-00131,115,图像,情绪识别,多选题,14.0,0.07142857142857142,0.5765428571428571,0.6785714285714286,0.5761904761904761,0.42380952380952375,-0.22585868535211973,0.0,0.5357142857142857,3.755952380952381,0.0,4,样本量<15；严格完全识别率<0.25；校正题总相关<0.15；D值<0.20,需要补充样本后再判断
ITEM-00147,6,视频,情绪识别,单选题,4.0,0.75,0.75,0.75,0.75,0.25,,1.0,0.5,4.25,0.15000000000000002,3,样本量<15；校正题总相关不可计算；敏感性差值≥0.10,需要补充样本后再判断
ITEM-00001,3,视频,情绪识别,单选题,5.0,0.8,0.8,0.8,0.8,0.2,-0.5160468465421402,-1.0,0.45,4.6,0.0,3,样本量<15；校正题总相关<0.15；D值<0.20,需要补充样本后再判断
ITEM-00015,4,视频,情绪识别,单选题,6.0,0.16666666666666666,0.16666666666666666,0.16666666666666666,0.16666666666666666,0.8333333333333334,0.19999999999999996,0.0,0.125,4.666666666666667,0.0,3,样本量<15；严格完全识别率<0.25；D值<0.20,需要补充样本后再判断
ITEM-00023,55,视频,情绪识别,单选题,7.0,0.7142857142857143,0.7142857142857143,0.7142857142857143,0.7142857142857143,0.2857142857142857,-0.13155870289605445,-1.0,0.6428571428571429,3.7142857142857144,0.0892857142857143,3,样本量<15；校正题总相关<0.15；D值<0.20,需要补充样本后再判断
ITEM-00019,12,视频,情绪识别,单选题,7.0,0.5714285714285714,0.5714285714285714,0.5714285714285714,0.5714285714285714,0.42857142857142855,0.10629880069054673,0.0,0.4642857142857143,4.0,0.0,3,样本量<15；校正题总相关<0.15；D值<0.20,需要补充样本后再判断
ITEM-00034,43,图像,情绪识别,单选题,8.0,0.875,0.875,0.875,0.875,0.125,-0.06514047490619217,0.0,0.78125,4.625,0.0,3,样本量<15；校正题总相关<0.15；D值<0.20,需要补充样本后再判断
ITEM-00016,9,视频,情绪识别,单选题,8.0,0.75,0.75,0.75,0.75,0.25,-0.4622501635210241,-0.5,0.65625,4.0,0.08333333333333337,3,样本量<15；校正题总相关<0.15；D值<0.20,需要补充样本后再判断
ITEM-00119,49,图像,情绪识别,单选题,8.0,0.25,0.25,0.25,0.25,0.75,0.029197858123689142,0.0,0.21875,3.25,0.0,3,样本量<15；校正题总相关<0.15；D值<0.20,需要补充样本后再判断
ITEM-00038,51,文本,情绪识别,单选题,9.0,0.7777777777777778,0.7777777777777778,0.7777777777777778,0.7777777777777778,0.2222222222222222,0.10910894511799615,0.0,0.5833333333333334,4.0,0.0,3,样本量<15；校正题总相关<0.15；D值<0.20,需要补充样本后再判断
ITEM-00115,39,图像,情绪识别,单选题,10.0,0.8,0.8,0.8,0.8,0.2,-0.025351006328169633,0.0,0.675,4.3,0.07272727272727275,3,样本量<15；校正题总相关<0.15；D值<0.20,需要补充样本后再判断
ITEM-00062,23,文本,情绪识别,单选题,10.0,0.8,0.8,0.8,0.8,0.2,0.04096159602595202,-0.5,0.75,4.7,0.07272727272727275,3,样本量<15；校正题总相关<0.15；D值<0.20,需要补充样本后再判断
ITEM-00011,25,图像,情绪识别,单选题,10.0,0.9,0.9,0.9,0.9,0.1,-0.2791345381070267,-0.5,0.8,3.7,0.009090909090909038,3,样本量<15；校正题总相关<0.15；D值<0.20,需要补充样本后再判断
ITEM-00122,5,文本,情绪识别,单选题,11.0,0.36363636363636365,0.36363636363636365,0.36363636363636365,0.36363636363636365,0.6363636363636364,-0.13754606108107548,-0.5,0.29545454545454547,4.090909090909091,0.0,3,样本量<15；校正题总相关<0.15；D值<0.20,需要补充样本后再判断
ITEM-00056,101,图像,情绪识别,单选题,11.0,0.2727272727272727,0.2727272727272727,0.2727272727272727,0.2727272727272727,0.7272727272727273,0.040378642654362376,0.0,0.25,3.8181818181818183,0.0,3,样本量<15；校正题总相关<0.15；D值<0.20,需要补充样本后再判断
ITEM-00118,48,图像,情绪识别,单选题,11.0,0.36363636363636365,0.36363636363636365,0.36363636363636365,0.36363636363636365,0.6363636363636364,-0.23788555488583166,-0.5,0.3181818181818182,4.363636363636363,0.0,3,样本量<15；校正题总相关<0.15；D值<0.20,需要补充样本后再判断
ITEM-00059,15,文本,情绪识别,单选题,12.0,0.75,0.75,0.75,0.75,0.25,-0.10286889997472817,-0.3333333333333333,0.6458333333333334,4.333333333333333,0.0,3,样本量<15；校正题总相关<0.15；D值<0.20,需要补充样本后再判断
ITEM-00111,31,图像,情绪识别,单选题,12.0,0.5833333333333334,0.5833333333333334,0.5833333333333334,0.5833333333333334,0.4166666666666667,-0.2548235957188128,-0.3333333333333333,0.4375,3.5,0.044871794871794934,3,样本量<15；校正题总相关<0.15；D值<0.20,需要补充样本后再判断
ITEM-00148,62,视频,情绪识别,单选题,12.0,0.75,0.75,0.75,0.75,0.25,-0.2,-0.33333333333333337,0.4791666666666667,4.5,0.0,3,样本量<15；校正题总相关<0.15；D值<0.20,需要补充样本后再判断
ITEM-00039,52,文本,情绪识别,单选题,13.0,0.8461538461538461,0.8461538461538461,0.8461538461538461,0.8461538461538461,0.15384615384615385,0.023480533575620334,0.0,0.7692307692307693,4.384615384615385,0.0,3,样本量<15；校正题总相关<0.15；D值<0.20,需要补充样本后再判断
ITEM-00037,50,文本,情绪识别,单选题,14.0,0.7142857142857143,0.7142857142857143,0.7142857142857143,0.7142857142857143,0.2857142857142857,-0.512989176042577,-0.33333333333333337,0.44642857142857145,4.285714285714286,0.036904761904761885,3,样本量<15；校正题总相关<0.15；D值<0.20,需要补充样本后再判断
ITEM-00052,94,图像,情绪识别,多选题,15.0,0.0,0.5720600000000001,0.5555555555555555,0.6911111111111111,0.3088888888888889,,0.0,0.4444466666666667,4.025555555555555,1.1102230246251565e-16,3,严格完全识别率<0.25；校正题总相关不可计算；D值<0.20,修改后补测；结合选项分布与专家复核
ITEM-00054,97,图像,情绪识别,多选题,15.0,0.06666666666666667,0.6188866666666667,0.6,0.7122222222222222,0.28777777777777774,-0.09001800540180069,0.0,0.45556,3.798888888888889,0.004166666666666666,3,严格完全识别率<0.25；校正题总相关<0.15；D值<0.20,负相关复核：同时检查样本、维度、答案键与题意
ITEM-00063,110,图像,情绪识别,多选题,16.0,0.1875,0.547025,0.5625,0.5697916666666667,0.4302083333333333,-0.4199938029129083,-0.5,0.4609375,3.6916666666666664,0.06078055555555556,3,严格完全识别率<0.25；校正题总相关<0.15；D值<0.20,负相关复核：同时检查样本、维度、答案键与题意
ITEM-00043,65,视频,情绪识别,多选题,17.0,0.0,0.4733823529411764,0.36764705882352944,0.7647058823529411,0.23529411764705882,,0.0,0.2647058823529412,3.887254901960784,0.026299019607843144,3,严格完全识别率<0.25；校正题总相关不可计算；D值<0.20,修改后补测；结合选项分布与专家复核
ITEM-00087,77,视频,情绪识别,多选题,17.0,0.11764705882352941,0.6453764705882353,0.7058823529411765,0.6558823529411765,0.3441176470588236,-0.2066666666666668,-0.25,0.5686411764705882,4.105882352941176,0.0,3,严格完全识别率<0.25；校正题总相关<0.15；D值<0.20,负相关复核：同时检查样本、维度、答案键与题意
ITEM-00126,86,视频,情绪识别,多选题,17.0,0.0,0.3966411764705883,0.4411764705882353,0.41960784313725485,0.5803921568627451,,0.0,0.34558823529411764,4.052941176470589,0.005742156862745096,3,严格完全识别率<0.25；校正题总相关不可计算；D值<0.20,修改后补测；结合选项分布与专家复核
ITEM-00066,113,图像,情绪识别,多选题,17.0,0.0,0.6723588235294118,0.6029411764705882,0.8647058823529411,0.13529411764705881,,0.0,0.45955882352941174,3.950980392156863,0.0,3,严格完全识别率<0.25；校正题总相关不可计算；D值<0.20,修改后补测；结合选项分布与专家复核
ITEM-00064,111,图像,情绪识别,多选题,18.0,0.16666666666666666,0.4759333333333334,0.4722222222222222,0.5185185185185185,0.48148148148148145,0.09503819266229832,0.0,0.3680555555555556,3.962037037037037,0.008771929824561403,3,严格完全识别率<0.25；校正题总相关<0.15；D值<0.20,修改后补测；结合选项分布与专家复核
ITEM-00041,54,文本,情绪识别,单选题,18.0,0.16666666666666666,0.16666666666666666,0.16666666666666666,0.16666666666666666,0.8333333333333334,0.05383819020581663,0.0,0.1388888888888889,3.7777777777777777,0.0,3,严格完全识别率<0.25；校正题总相关<0.15；D值<0.20,修改后补测；结合选项分布与专家复核
ITEM-00055,98,图像,情绪识别,多选题,18.0,0.05555555555555555,0.6806833333333332,0.6527777777777778,0.7833333333333333,0.21666666666666667,-0.2400980191995123,-0.25,0.5451388888888888,4.223148148148148,0.03582543859649112,3,严格完全识别率<0.25；校正题总相关<0.15；D值<0.20,负相关复核：同时检查样本、维度、答案键与题意
ITEM-00073,107,图像,情绪识别,多选题,19.0,0.15789473684210525,0.5491315789473684,0.5526315789473685,0.6096491228070174,0.39035087719298245,-0.1338679054655897,0.0,0.4342105263157895,4.035087719298246,0.052298245614035066,3,严格完全识别率<0.25；校正题总相关<0.15；D值<0.20,负相关复核：同时检查样本、维度、答案键与题意
ITEM-00089,84,视频,情绪识别,多选题,19.0,0.05263157894736842,0.7062578947368422,0.7192982456140351,0.775438596491228,0.22456140350877193,-0.11100169590868796,-0.2,0.5745684210526316,4.028070175438597,0.0,3,严格完全识别率<0.25；校正题总相关<0.15；D值<0.20,负相关复核：同时检查样本、维度、答案键与题意
ITEM-00065,112,图像,情绪识别,多选题,20.0,0.0,0.53452,0.4375,0.7966666666666666,0.2033333333333333,,0.0,0.340625,3.9524999999999997,0.007291666666666696,3,严格完全识别率<0.25；校正题总相关不可计算；D值<0.20,修改后补测；结合选项分布与专家复核
ITEM-00127,87,视频,情绪识别,多选题,20.0,0.05,0.48571500000000006,0.4499999999999999,0.575,0.425,-0.06088061449793078,0.0,0.38333,4.0625,0.04415590909090916,3,严格完全识别率<0.25；校正题总相关<0.15；D值<0.20,负相关复核：同时检查样本、维度、答案键与题意
ITEM-00044,80,视频,情绪识别,多选题,21.0,0.0,0.5698571428571431,0.5476190476190477,0.6825396825396824,0.3174603174603174,,0.0,0.4583333333333333,4.2936507936507935,0.04955279503105603,3,严格完全识别率<0.25；校正题总相关不可计算；D值<0.20,修改后补测；结合选项分布与专家复核
ITEM-00136,71,文本,情绪识别,多选题,21.0,0.047619047619047616,0.6147380952380954,0.5873015873015872,0.6865079365079365,0.3134920634920635,-0.29361380759439026,-0.2,0.4801428571428571,4.134920634920634,0.04349085714285711,3,严格完全识别率<0.25；校正题总相关<0.15；D值<0.20,负相关复核：同时检查样本、维度、答案键与题意
ITEM-00042,61,视频,情绪识别,多选题,22.0,0.18181818181818182,0.5759818181818182,0.6136363636363636,0.6015151515151516,0.39848484848484844,-0.22329083797831029,-0.2,0.4602272727272727,3.7628787878787877,0.025042687747035552,3,严格完全识别率<0.25；校正题总相关<0.15；D值<0.20,负相关复核：同时检查样本、维度、答案键与题意
ITEM-00076,78,音频,情绪识别,多选题,24.0,0.0,0.3696458333333334,0.3958333333333333,0.3951388888888889,0.6048611111111111,,0.0,0.3020833333333333,3.84375,0.014785833333333331,3,严格完全识别率<0.25；校正题总相关不可计算；D值<0.20,修改后补测；结合选项分布与专家复核
ITEM-00069,117,文本,情绪识别,多选题,24.0,0.041666666666666664,0.6301583333333333,0.5694444444444443,0.798611111111111,0.20138888888888887,-0.18832561268909764,0.0,0.46875,4.180555555555555,0.05149907407407395,3,严格完全识别率<0.25；校正题总相关<0.15；D值<0.20,负相关复核：同时检查样本、维度、答案键与题意
ITEM-00077,79,音频,情绪识别,多选题,26.0,0.11538461538461539,0.5668538461538463,0.6153846153846154,0.573076923076923,0.4269230769230769,0.1272782476224293,0.14285714285714285,0.5096153846153846,3.7384615384615385,0.018543956043956034,3,严格完全识别率<0.25；校正题总相关<0.15；D值<0.20,修改后补测；结合选项分布与专家复核
ITEM-00072,120,文本,情绪识别,多选题,26.0,0.038461538461538464,0.6071038461538462,0.5,0.8743589743589744,0.12564102564102567,-0.18107829218409172,-0.14285714285714285,0.4019230769230769,4.17948717948718,0.03146098901098904,3,严格完全识别率<0.25；校正题总相关<0.15；D值<0.20,负相关复核：同时检查样本、维度、答案键与题意
ITEM-00081,58,视频,情绪识别,多选题,26.0,0.15384615384615385,0.6232653846153847,0.6730769230769231,0.6307692307692307,0.3692307692307693,-0.26021701007932874,-0.14285714285714285,0.4807692307692308,3.7961538461538464,0.023083903133903183,3,严格完全识别率<0.25；校正题总相关<0.15；D值<0.20,负相关复核：同时检查样本、维度、答案键与题意
ITEM-00098,1,视频,情绪推理,多选题,28.0,0.03571428571428571,0.5436214285714287,0.49999999999999994,0.7232142857142857,0.2767857142857143,-0.1116273095281076,-0.14285714285714285,0.377975,3.930357142857143,0.052608525345622215,3,严格完全识别率<0.25；校正题总相关<0.15；D值<0.20,负相关复核：同时检查样本、维度、答案键与题意
ITEM-00075,108,图像,情绪识别,多选题,29.0,0.10344827586206896,0.5886793103448277,0.6379310344827587,0.6172413793103447,0.38275862068965516,-0.29011568050835346,-0.2857142857142857,0.5043103448275862,4.007471264367816,0.019622643678161023,3,严格完全识别率<0.25；校正题总相关<0.15；D值<0.20,负相关复核：同时检查样本、维度、答案键与题意
ITEM-00110,59,文本,情绪推理,多选题,32.0,0.0,0.44494687499999996,0.53125,0.41354166666666664,0.5864583333333333,,0.0,0.43359375,3.982291666666667,5.551115123125783e-17,3,严格完全识别率<0.25；校正题总相关不可计算；D值<0.20,修改后补测；结合选项分布与专家复核
ITEM-00100,10,视频,情绪推理,多选题,33.0,0.15151515151515152,0.5303090909090908,0.5909090909090909,0.5151515151515151,0.48484848484848486,0.11838063674131646,0.0,0.4962121212121212,3.8833333333333333,0.030303376623376566,3,严格完全识别率<0.25；校正题总相关<0.15；D值<0.20,修改后补测；结合选项分布与专家复核
ITEM-00137,69,音频,情绪识别,多选题,33.0,0.15151515151515152,0.6516696969696969,0.7272727272727273,0.6535353535353534,0.3464646464646465,-0.24026903896969343,-0.25,0.6439393939393939,4.00050505050505,0.029356060606060552,3,严格完全识别率<0.25；校正题总相关<0.15；D值<0.20,负相关复核：同时检查样本、维度、答案键与题意
ITEM-00079,61,视频,情绪推理,多选题,34.0,0.08823529411764706,0.5784352941176472,0.6323529411764706,0.6,0.4,-0.19792786293714532,-0.1111111111111111,0.44485294117647056,3.757843137254902,0.0,3,严格完全识别率<0.25；校正题总相关<0.15；D值<0.20,负相关复核：同时检查样本、维度、答案键与题意
ITEM-00134,67,文本,情绪识别,多选题,34.0,0.20588235294117646,0.6754970588235294,0.7647058823529411,0.642156862745098,0.35784313725490197,-0.03033145324591985,0.1111111111111111,0.5294117647058824,3.887254901960784,0.022689075630252103,3,严格完全识别率<0.25；校正题总相关<0.15；D值<0.20,负相关复核：同时检查样本、维度、答案键与题意
ITEM-00080,65,视频,情绪推理,多选题,35.0,0.0,0.4547342857142858,0.36428571428571427,0.6809523809523809,0.319047619047619,,0.0,0.2767857142857143,3.8823809523809523,0.015272556390977465,3,严格完全识别率<0.25；校正题总相关不可计算；D值<0.20,修改后补测；结合选项分布与专家复核
ITEM-00093,75,音频,情绪识别,多选题,36.0,0.2222222222222222,0.6428611111111111,0.7222222222222222,0.6240740740740741,0.375925925925926,0.09688582760884286,0.0,0.53125,3.7861111111111114,0.06428611111111104,3,严格完全识别率<0.25；校正题总相关<0.15；D值<0.20,修改后补测；结合选项分布与专家复核
ITEM-00070,119,文本,情绪识别,多选题,37.0,0.16216216216216217,0.6348837837837837,0.6891891891891891,0.649099099099099,0.35090090090090087,-0.016039597821921648,-0.1111111111111111,0.527027027027027,3.9283783783783783,0.03255814275814273,3,严格完全识别率<0.25；校正题总相关<0.15；D值<0.20,负相关复核：同时检查样本、维度、答案键与题意
ITEM-00138,22,音频,情绪推理,多选题,37.0,0.0,0.2648675675675676,0.28378378378378377,0.26801801801801806,0.731981981981982,,0.0,0.20945945945945946,3.72972972972973,0.0011261261261261146,3,严格完全识别率<0.25；校正题总相关不可计算；D值<0.20,修改后补测；结合选项分布与专家复核
ITEM-00135,68,文本,情绪识别,多选题,39.0,0.05128205128205128,0.4608051282051282,0.5256410256410257,0.43119658119658116,0.5688034188034189,-0.012234173100260752,0.0,0.4326923076923077,4.0777777777777775,0.0,3,严格完全识别率<0.25；校正题总相关<0.15；D值<0.20,负相关复核：同时检查样本、维度、答案键与题意
ITEM-00096,74,文本,情绪识别,多选题,40.0,0.15,0.6550100000000001,0.75,0.6620833333333334,0.33791666666666664,0.14529040997461112,0.1,0.634375,4.2908333333333335,0.031190952380952375,3,严格完全识别率<0.25；校正题总相关<0.15；D值<0.20,修改后补测；结合选项分布与专家复核
ITEM-00140,63,文本,情绪推理,多选题,48.0,0.14583333333333334,0.6086354166666667,0.6666666666666666,0.6204861111111111,0.3795138888888889,0.03492342810393488,0.0,0.5651041666666666,3.959375,0.036258012820512775,3,严格完全识别率<0.25；校正题总相关<0.15；D值<0.20,修改后补测；结合选项分布与专家复核
ITEM-00109,88,音频,情绪推理,多选题,49.0,0.061224489795918366,0.4174000000000001,0.4489795918367347,0.4224489795918367,0.5775510204081633,-0.00802643703183297,0.0,0.35459183673469385,3.685034013605442,0.0163686274509805,3,严格完全识别率<0.25；校正题总相关<0.15；D值<0.20,负相关复核：同时检查样本、维度、答案键与题意
ITEM-00139,37,图像,情绪推理,多选题,64.0,0.03125,0.42798593749999997,0.40625,0.5158854166666667,0.48411458333333335,0.09956278193761042,0.058823529411764705,0.3359375,3.7888020833333336,0.005731651785714276,3,严格完全识别率<0.25；校正题总相关<0.15；D值<0.20,修改后补测；结合选项分布与专家复核
ITEM-00078,89,图像,情绪推理,多选题,64.0,0.046875,0.5110203125,0.5390625,0.5544270833333333,0.44557291666666665,-0.055430151394825294,-0.058823529411764705,0.392578125,3.87421875,0.009424857954545507,3,严格完全识别率<0.25；校正题总相关<0.15；D值<0.20,负相关复核：同时检查样本、维度、答案键与题意
ITEM-00028,24,图像,情绪识别,单选题,3.0,0.3333333333333333,0.3333333333333333,0.3333333333333333,0.3333333333333333,0.6666666666666666,,1.0,0.25,4.666666666666667,0.08333333333333331,2,样本量<15；校正题总相关不可计算,需要补充样本后再判断
ITEM-00024,57,视频,情绪识别,单选题,3.0,0.3333333333333333,0.3333333333333333,0.3333333333333333,0.3333333333333333,0.6666666666666666,,1.0,0.25,4.333333333333333,0.0,2,样本量<15；校正题总相关不可计算,需要补充样本后再判断
ITEM-00025,60,视频,情绪识别,单选题,4.0,0.5,0.5,0.5,0.5,0.5,,1.0,0.25,4.5,0.0,2,样本量<15；校正题总相关不可计算,需要补充样本后再判断
ITEM-00017,10,视频,情绪识别,单选题,6.0,0.8333333333333334,0.8333333333333334,0.8333333333333334,0.8333333333333334,0.16666666666666666,0.23354968324845687,0.0,0.7083333333333334,4.166666666666667,0.0,2,样本量<15；D值<0.20,需要补充样本后再判断
ITEM-00113,36,图像,情绪识别,单选题,7.0,0.14285714285714285,0.14285714285714285,0.14285714285714285,0.14285714285714285,0.8571428571428571,0.4166666666666669,1.0,0.14285714285714285,4.142857142857143,0.0,2,样本量<15；严格完全识别率<0.25,需要补充样本后再判断
ITEM-00030,42,图像,情绪识别,单选题,8.0,0.5,0.5,0.5,0.5,0.5,0.4008918628686365,0.0,0.4375,3.625,0.0,2,样本量<15；D值<0.20,需要补充样本后再判断
ITEM-00005,70,视频,情绪识别,单选题,8.0,0.5,0.5,0.5,0.5,0.5,-0.08873565094161139,0.5,0.46875,4.5,0.05555555555555558,2,样本量<15；校正题总相关<0.15,需要补充样本后再判断
ITEM-00114,38,图像,情绪识别,单选题,9.0,0.1111111111111111,0.1111111111111111,0.1111111111111111,0.1111111111111111,0.8888888888888888,0.5909090909090909,0.5,0.1111111111111111,3.888888888888889,0.0,2,样本量<15；严格完全识别率<0.25,需要补充样本后再判断
ITEM-00022,16,视频,情绪识别,单选题,9.0,0.6666666666666666,0.6666666666666666,0.6666666666666666,0.6666666666666666,0.3333333333333333,0.2169304578186562,0.0,0.5,4.111111111111111,0.0,2,样本量<15；D值<0.20,需要补充样本后再判断
ITEM-00067,114,图像,情绪识别,单选题,9.0,0.5555555555555556,0.5555555555555556,0.5555555555555556,0.5555555555555556,0.4444444444444444,0.22556657928456694,0.0,0.4444444444444444,3.6666666666666665,0.05555555555555558,2,样本量<15；D值<0.20,需要补充样本后再判断
ITEM-00020,13,视频,情绪识别,单选题,10.0,0.5,0.5,0.5,0.5,0.5,0.40451991747794536,0.0,0.325,4.4,0.0,2,样本量<15；D值<0.20,需要补充样本后再判断
ITEM-00117,47,图像,情绪识别,单选题,10.0,0.2,0.2,0.2,0.2,0.8,0.21128856368212914,0.5,0.2,4.3,0.018181818181818188,2,样本量<15；严格完全识别率<0.25,需要补充样本后再判断
ITEM-00007,29,图像,情绪识别,单选题,13.0,0.15384615384615385,0.15384615384615385,0.15384615384615385,0.15384615384615385,0.8461538461538461,0.40766797987845693,0.3333333333333333,0.1346153846153846,3.769230769230769,0.0,2,样本量<15；严格完全识别率<0.25,需要补充样本后再判断
ITEM-00074,121,文本,情绪识别,单选题,14.0,0.7857142857142857,0.7857142857142857,0.7857142857142857,0.7857142857142857,0.21428571428571427,0.19591793788175302,0.0,0.6428571428571429,4.285714285714286,0.049107142857142905,2,样本量<15；D值<0.20,需要补充样本后再判断
ITEM-00082,72,视频,情绪识别,多选题,15.0,0.2,0.6311200000000002,0.7,0.6222222222222221,0.3777777777777778,-0.039968038348871665,0.25,0.5916666666666667,3.944444444444444,0.039445000000000174,2,严格完全识别率<0.25；校正题总相关<0.15,负相关复核：同时检查样本、维度、答案键与题意
ITEM-00040,53,文本,情绪识别,单选题,16.0,0.625,0.625,0.625,0.625,0.375,0.0439233474380173,0.0,0.578125,4.6875,0.06944444444444442,2,校正题总相关<0.15；D值<0.20,低区分度：内容审查并考虑补测
ITEM-00061,109,图像,情绪识别,多选题,18.0,0.2777777777777778,0.7677277777777778,0.9444444444444444,0.7092592592592593,0.29074074074074074,-0.1794967682458736,-0.25,0.8194444444444444,4.128703703703703,0.023391812865497075,2,校正题总相关<0.15；D值<0.20,负相关复核：同时检查样本、维度、答案键与题意
ITEM-00050,92,图像,情绪识别,多选题,20.0,0.25,0.695015,0.725,0.7499999999999999,0.24999999999999994,-0.05425921863308766,0.0,0.56875,3.9875,0.03309595238095231,2,校正题总相关<0.15；D值<0.20,负相关复核：同时检查样本、维度、答案键与题意
ITEM-00094,88,音频,情绪识别,多选题,23.0,0.08695652173913043,0.3898608695652174,0.391304347826087,0.4202898550724638,0.5797101449275363,0.2059534650002201,0.16666666666666666,0.29891304347826086,3.6666666666666665,0.01391304347826089,2,严格完全识别率<0.25；D值<0.20,可能为困难题；内容确认后保留
ITEM-00107,81,视频,情绪推理,多选题,25.0,0.04,0.507716,0.4799999999999999,0.6199999999999999,0.38000000000000006,0.3703064483257642,0.16666666666666666,0.39666399999999996,4.169333333333333,0.054398142857142784,2,严格完全识别率<0.25；D值<0.20,可能为困难题；内容确认后保留
ITEM-00125,85,视频,情绪识别,多选题,26.0,0.15384615384615385,0.6331538461538462,0.641025641025641,0.6647435897435897,0.3352564102564103,0.28597969616233315,0.14285714285714285,0.5160115384615385,4.091025641025642,0.012937464387464348,2,严格完全识别率<0.25；D值<0.20,可能为困难题；内容确认后保留
ITEM-00104,23,文本,情绪推理,单选题,27.0,0.9629629629629629,0.9629629629629629,0.9629629629629629,0.9629629629629629,0.037037037037037035,-0.20801257358446099,0.0,0.8796296296296297,4.666666666666667,0.06641123882503186,2,校正题总相关<0.15；D值<0.20,负相关复核：同时检查样本、维度、答案键与题意
ITEM-00095,59,文本,情绪识别,多选题,28.0,0.32142857142857145,0.7787464285714284,0.875,0.7464285714285713,0.25357142857142856,0.057655006053175306,-0.14285714285714285,0.7723214285714286,4.3273809523809526,0.023399014778325122,2,校正题总相关<0.15；D值<0.20,低区分度：内容审查并考虑补测
ITEM-00145,69,音频,情绪识别,多选题,29.0,0.034482758620689655,0.4829310344827587,0.5,0.5310344827586205,0.46896551724137936,0.16448792373994223,0.14285714285714285,0.43103448275862066,3.5775862068965516,5.551115123125783e-17,2,严格完全识别率<0.25；D值<0.20,修改后补测；结合选项分布与专家复核
ITEM-00090,56,音频,情绪识别,多选题,29.0,0.13793103448275862,0.6533758620689656,0.7931034482758621,0.6160919540229886,0.38390804597701156,0.1646595161666548,0.0,0.6336206896551724,4.139655172413793,0.02177919540229889,2,严格完全识别率<0.25；D值<0.20,修改后补测；结合选项分布与专家复核
ITEM-00106,77,视频,情绪推理,单选题,31.0,0.4838709677419355,0.4838709677419355,0.4838709677419355,0.4838709677419355,0.5161290322580645,-0.005002501876563878,0.125,0.41935483870967744,4.516129032258065,0.029325513196480968,2,校正题总相关<0.15；D值<0.20,负相关复核：同时检查样本、维度、答案键与题意
ITEM-00045,2,音频,情绪识别,单选题,31.0,0.2903225806451613,0.2903225806451613,0.2903225806451613,0.2903225806451613,0.7096774193548387,0.044092670828725485,0.0,0.1935483870967742,4.161290322580645,0.02561669829222013,2,校正题总相关<0.15；D值<0.20,低区分度：内容审查并考虑补测
ITEM-00144,118,文本,情绪推理,单选题,31.0,0.45161290322580644,0.45161290322580644,0.45161290322580644,0.45161290322580644,0.5483870967741935,0.03811161074459465,0.125,0.3709677419354839,3.903225806451613,0.027370478983382185,2,校正题总相关<0.15；D值<0.20,低区分度：内容审查并考虑补测
ITEM-00149,60,视频,情绪推理,单选题,33.0,0.36363636363636365,0.36363636363636365,0.36363636363636365,0.36363636363636365,0.6363636363636364,0.08280786712108253,0.125,0.3333333333333333,4.090909090909091,0.01576576576576577,2,校正题总相关<0.15；D值<0.20,低区分度：内容审查并考虑补测
ITEM-00142,68,文本,情绪推理,单选题,33.0,0.3939393939393939,0.3939393939393939,0.3939393939393939,0.3939393939393939,0.6060606060606061,0.13157104829118277,0.125,0.3484848484848485,3.878787878787879,0.0050505050505050275,2,校正题总相关<0.15；D值<0.20,低区分度：内容审查并考虑补测
ITEM-00010,63,文本,情绪识别,多选题,33.0,0.2727272727272727,0.7013060606060606,0.7878787878787878,0.6909090909090909,0.3090909090909091,0.07230840224245516,0.0,0.6439393939393939,4.007070707070707,0.04007463203463202,2,校正题总相关<0.15；D值<0.20,低区分度：内容审查并考虑补测
ITEM-00009,7,音频,情绪识别,单选题,35.0,0.4,0.4,0.4,0.4,0.6,-0.1687124501902926,-0.1111111111111111,0.21428571428571427,3.742857142857143,0.021621621621621623,2,校正题总相关<0.15；D值<0.20,负相关复核：同时检查样本、维度、答案键与题意
ITEM-00108,59,音频,情绪推理,多选题,35.0,0.08571428571428572,0.39660000000000006,0.45714285714285713,0.38666666666666666,0.6133333333333334,0.25045486009735757,0.1111111111111111,0.4107142857142857,3.90952380952381,0.03242481203007519,2,严格完全识别率<0.25；D值<0.20,可能为困难题；内容确认后保留
ITEM-00102,57,视频,情绪推理,多选题,35.0,0.22857142857142856,0.6742914285714287,0.7571428571428571,0.6428571428571429,0.35714285714285715,0.33783907877996283,0.1111111111111111,0.6357142857142857,4.083333333333333,0.0,2,严格完全识别率<0.25；D值<0.20,可能为困难题；内容确认后保留
ITEM-00143,71,文本,情绪推理,单选题,37.0,0.2972972972972973,0.2972972972972973,0.2972972972972973,0.2972972972972973,0.7027027027027027,0.010679661039879442,-0.1111111111111111,0.18243243243243243,4.297297297297297,0.007823613086770986,2,校正题总相关<0.15；D值<0.20,低区分度：内容审查并考虑补测
ITEM-00124,22,音频,情绪识别,单选题,39.0,0.6666666666666666,0.6666666666666666,0.6666666666666666,0.6666666666666666,0.3333333333333333,0.08650647541223917,0.0,0.46153846153846156,3.871794871794872,0.06201550387596899,2,校正题总相关<0.15；D值<0.20,低区分度：内容审查并考虑补测
ITEM-00123,8,音频,情绪识别,单选题,41.0,0.6341463414634146,0.6341463414634146,0.6341463414634146,0.6341463414634146,0.36585365853658536,-0.04062531738653189,-0.18181818181818188,0.5365853658536586,4.121951219512195,0.029495178672717004,2,校正题总相关<0.15；D值<0.20,负相关复核：同时检查样本、维度、答案键与题意
ITEM-00105,2,音频,情绪推理,多选题,41.0,0.04878048780487805,0.5430317073170732,0.5040650406504065,0.6890243902439024,0.31097560975609756,0.6182076459879312,0.18181818181818182,0.4004073170731707,3.75,0.037024889135254924,2,严格完全识别率<0.25；D值<0.20,可能为困难题；内容确认后保留
ITEM-00084,78,音频,情绪推理,多选题,43.0,0.046511627906976744,0.3230372093023256,0.36046511627906974,0.3317829457364341,0.6682170542635659,0.5438063707755737,0.18181818181818182,0.29069767441860467,4.057364341085272,0.017260174418604668,2,严格完全识别率<0.25；D值<0.20,可能为困难题；内容确认后保留
ITEM-00049,17,音频,情绪识别,单选题,43.0,0.4186046511627907,0.4186046511627907,0.4186046511627907,0.4186046511627907,0.5813953488372093,-0.017540944498921435,0.09090909090909088,0.3430232558139535,3.9767441860465116,0.016177957532861442,2,校正题总相关<0.15；D值<0.20,负相关复核：同时检查样本、维度、答案键与题意
ITEM-00141,67,文本,情绪推理,多选题,48.0,0.08333333333333333,0.5491166666666666,0.5520833333333334,0.6166666666666667,0.3833333333333333,0.16203298533694632,0.08333333333333333,0.46875,3.90625,0.029418589743589685,2,严格完全识别率<0.25；D值<0.20,修改后补测；结合选项分布与专家复核
ITEM-00086,79,音频,情绪推理,多选题,51.0,0.23529411764705882,0.6745215686274509,0.7058823529411765,0.7156862745098039,0.28431372549019607,0.2615831804344947,0.15384615384615385,0.5931372549019608,3.946078431372549,0.012971568627450858,2,严格完全识别率<0.25；D值<0.20,可能为困难题；内容确认后保留
ITEM-00032,41,图像,情绪识别,单选题,5.0,0.4,0.4,0.4,0.4,0.6,0.38888888888888906,1.0,0.35,3.8,0.09999999999999998,1,样本量<15,需要补充样本后再判断
ITEM-00027,83,视频,情绪识别,单选题,8.0,0.5,0.5,0.5,0.5,0.5,0.41812100500354543,0.5,0.4375,4.0,0.0,1,样本量<15,需要补充样本后再判断
ITEM-00014,1,视频,情绪识别,单选题,8.0,0.875,0.875,0.875,0.875,0.125,0.5360446202251746,0.5,0.75,4.5,0.0,1,样本量<15,需要补充样本后再判断
ITEM-00026,64,视频,情绪识别,单选题,8.0,0.625,0.625,0.625,0.625,0.375,0.6546536707079773,1.0,0.53125,4.375,0.04166666666666663,1,样本量<15,需要补充样本后再判断
ITEM-00060,18,文本,情绪识别,单选题,11.0,0.2727272727272727,0.2727272727272727,0.2727272727272727,0.2727272727272727,0.7272727272727273,0.5055952142586648,0.5,0.18181818181818182,3.909090909090909,0.04895104895104896,1,样本量<15,需要补充样本后再判断
ITEM-00012,26,图像,情绪识别,单选题,12.0,0.9166666666666666,0.9166666666666666,0.9166666666666666,0.9166666666666666,0.08333333333333333,0.4891159880445186,0.33333333333333337,0.7916666666666666,4.0,0.07051282051282048,1,样本量<15,需要补充样本后再判断
ITEM-00116,46,图像,情绪识别,单选题,12.0,0.5833333333333334,0.5833333333333334,0.5833333333333334,0.5833333333333334,0.4166666666666667,0.1542588757285806,0.3333333333333333,0.4791666666666667,4.0,0.0,1,样本量<15,需要补充样本后再判断
ITEM-00121,106,图像,情绪识别,单选题,14.0,0.7142857142857143,0.7142857142857143,0.7142857142857143,0.7142857142857143,0.2857142857142857,0.19364916731037093,0.33333333333333337,0.625,4.285714285714286,0.0,1,样本量<15,需要补充样本后再判断
ITEM-00053,95,图像,情绪识别,多选题,15.0,0.06666666666666667,0.5961933333333335,0.5777777777777778,0.6333333333333333,0.36666666666666664,0.380588981675735,0.25,0.43888,3.8277777777777775,0.07014039215686285,1,严格完全识别率<0.25,可能为困难题；内容确认后保留
ITEM-00047,90,图像,情绪识别,多选题,16.0,0.1875,0.6376437500000001,0.625,0.7354166666666666,0.26458333333333334,0.17572114571482705,0.25,0.5104124999999999,4.316666666666666,0.04779411764705882,1,严格完全识别率<0.25,修改后补测；结合选项分布与专家复核
ITEM-00128,100,图像,情绪识别,多选题,17.0,0.17647058823529413,0.5980470588235295,0.6176470588235294,0.6274509803921569,0.37254901960784315,0.31935205270153033,0.5,0.5514705882352942,3.9284313725490194,0.009803921568627472,1,严格完全识别率<0.25,可能为困难题；内容确认后保留
ITEM-00071,91,图像,情绪识别,多选题,18.0,0.05555555555555555,0.47962777777777776,0.5277777777777778,0.4629629629629629,0.537037037037037,0.19468468857221996,0.25,0.4166666666666667,3.875,0.06851825396825395,1,严格完全识别率<0.25,修改后补测；结合选项分布与专家复核
ITEM-00130,104,图像,情绪识别,多选题,19.0,0.10526315789473684,0.5701842105263158,0.5526315789473685,0.6535087719298245,0.3464912280701754,0.441629950809726,0.4,0.46710526315789475,3.833333333333333,0.0,1,严格完全识别率<0.25,可能为困难题；内容确认后保留
ITEM-00083,73,视频,情绪识别,多选题,19.0,0.05263157894736842,0.5563947368421054,0.5789473684210527,0.5956140350877193,0.40438596491228074,0.6602787308012059,0.2,0.4407894736842105,3.85,0.009539473684210487,1,严格完全识别率<0.25,可能为困难题；内容确认后保留
ITEM-00129,103,图像,情绪识别,多选题,21.0,0.19047619047619047,0.4793666666666667,0.5,0.4880952380952381,0.5119047619047619,0.3093297246493451,0.2,0.4107142857142857,3.8134920634920633,0.0,1,严格完全识别率<0.25,可能为困难题；内容确认后保留
ITEM-00058,102,图像,情绪识别,多选题,22.0,0.045454545454545456,0.30000000000000004,0.3409090909090909,0.2840909090909091,0.7159090909090909,0.18479453031403392,0.2,0.2897727272727273,3.867424242424242,0.0,1,严格完全识别率<0.25,修改后补测；结合选项分布与专家复核
ITEM-00088,81,视频,情绪识别,多选题,24.0,0.375,0.8678458333333333,0.8229166666666666,0.9611111111111109,0.03888888888888889,0.21461125751550034,0.16666666666666669,0.6354166666666666,4.125,0.047042129629629614,1,D值<0.20,暂时保留
ITEM-00101,55,视频,情绪推理,多选题,28.0,0.17857142857142858,0.5381035714285715,0.5714285714285714,0.5595238095238094,0.4404761904761904,0.2827720283019609,0.42857142857142855,0.47767857142857145,3.800595238095238,0.035873571428571394,1,严格完全识别率<0.25,可能为困难题；内容确认后保留
ITEM-00146,118,文本,情绪识别,多选题,31.0,0.45161290322580644,0.7089129032258062,0.7580645161290323,0.7086021505376342,0.2913978494623655,0.2046322967407438,0.125,0.6612903225806451,3.9204301075268817,0.027370478983382185,1,D值<0.20,暂时保留
ITEM-00068,116,文本,情绪识别,多选题,35.0,0.17142857142857143,0.5868114285714285,0.6142857142857143,0.6257142857142857,0.3742857142857143,0.30175492453770936,0.3333333333333333,0.4928571428571429,3.998571428571428,0.018206023166023044,1,严格完全识别率<0.25,可能为困难题；内容确认后保留
ITEM-00097,82,文本,情绪识别,多选题,36.0,0.1111111111111111,0.35436944444444446,0.375,0.38009259259259254,0.6199074074074074,0.4134932196668674,0.3333333333333333,0.3229166666666667,3.703703703703704,0.02725918803418803,1,严格完全识别率<0.25,可能为困难题；内容确认后保留
ITEM-00150,86,视频,情绪推理,多选题,38.0,0.18421052631578946,0.32807368421052635,0.32894736842105265,0.3464912280701754,0.6535087719298245,0.30768714525736757,0.2,0.25,3.6469298245614037,0.024005391527599507,1,严格完全识别率<0.25,可能为困难题；内容确认后保留
ITEM-00051,93,图像,情绪识别,单选题,15.0,0.4666666666666667,0.4666666666666667,0.4666666666666667,0.4666666666666667,0.5333333333333333,0.22303564279994298,0.25,0.43333333333333335,3.933333333333333,0.006862745098039247,0,无,暂时保留
ITEM-00013,27,图像,情绪识别,单选题,15.0,0.8666666666666667,0.8666666666666667,0.8666666666666667,0.8666666666666667,0.13333333333333333,0.3148370279301836,0.5,0.8166666666666667,4.733333333333333,0.0,0,无,暂时保留
ITEM-00092,66,音频,情绪识别,多选题,28.0,0.35714285714285715,0.7786535714285715,0.7857142857142857,0.8041666666666666,0.19583333333333333,0.1754116038614058,0.2857142857142857,0.6696392857142858,4.3428571428571425,0.014470320197044417,0,无,暂时保留
ITEM-00091,59,音频,情绪识别,多选题,28.0,0.25,0.5860571428571429,0.6428571428571429,0.5761904761904761,0.4238095238095238,0.3346430960736845,0.2857142857142857,0.53125,4.095833333333333,0.018750000000000044,0,无,暂时保留
ITEM-00002,6,视频,情绪推理,单选题,30.0,0.5333333333333333,0.5333333333333333,0.5333333333333333,0.5333333333333333,0.4666666666666667,0.21759136614588367,0.25,0.35833333333333334,4.3,0.017204301075268824,0,无,暂时保留
ITEM-00057,23,音频,情绪识别,单选题,33.0,0.6363636363636364,0.6363636363636364,0.6363636363636364,0.6363636363636364,0.36363636363636365,0.44540965473201055,0.375,0.5606060606060606,4.2727272727272725,0.036363636363636376,0,无,暂时保留
ITEM-00048,2,音频,情绪识别,单选题,34.0,0.7058823529411765,0.7058823529411765,0.7058823529411765,0.7058823529411765,0.29411764705882354,0.1630732928246831,0.33333333333333326,0.6102941176470589,4.264705882352941,0.0,0,无,暂时保留
ITEM-00004,62,视频,情绪推理,单选题,34.0,0.7647058823529411,0.7647058823529411,0.7647058823529411,0.7647058823529411,0.23529411764705882,0.31972302976870837,0.33333333333333337,0.5367647058823529,4.117647058823529,0.013235294117647123,0,无,暂时保留
