题目编号,题目标题,标准答案,有效作答人数,标准答案完整命中率,标准答案全部被选率,至少一个标准答案被选率,标准答案选项平均条件选择概率,至少一个非答案候选项被选率,非答案候选项平均条件选择概率,每名被试平均误选的非答案选项数,零选择候选项数量,零选择非答案候选项数量,分析口径,标准答案完整命中百分比,标准答案全部被选百分比,至少一个标准答案被选百分比,标准答案选项平均条件选择概百分比,至少一个非答案候选项被选百分比,非答案候选项平均条件选择概百分比
ITEM-00001,3,震惊,5,0.8,0.8,0.8,0.8,0.2,0.03125,0.2,31,31,按实际呈现人数,80.0,80.0,80.0,80.0,20.0,3.125
ITEM-00002,6,感动,30,0.5333333333333333,0.5333333333333333,0.5333333333333333,0.5333333333333333,0.4666666666666667,0.05187074829931972,0.4666666666666667,40,40,按实际呈现人数,53.333333333333336,53.333333333333336,53.333333333333336,53.333333333333336,46.666666666666664,5.187074829931972
ITEM-00003,21,遗憾,3,0.6666666666666666,0.6666666666666666,0.6666666666666666,0.6666666666666666,0.3333333333333333,0.047619047619047616,0.3333333333333333,20,20,按实际呈现人数,66.66666666666666,66.66666666666666,66.66666666666666,66.66666666666666,33.33333333333333,4.761904761904762
ITEM-00004,62,尴尬,34,0.7647058823529411,0.7647058823529411,0.7647058823529411,0.7647058823529411,0.23529411764705882,0.03142209264658244,0.23529411764705882,41,41,按实际呈现人数,76.47058823529412,76.47058823529412,76.47058823529412,76.47058823529412,23.52941176470588,3.142209264658244
ITEM-00005,70,审美欣赏,8,0.5,0.5,0.5,0.5,0.5,0.0707070707070707,0.5,29,29,按实际呈现人数,50.0,50.0,50.0,50.0,50.0,7.07070707070707
ITEM-00006,28,紧张,6,0.8333333333333334,0.8333333333333334,0.8333333333333334,0.8333333333333334,0.16666666666666666,0.009009009009009009,0.16666666666666666,36,36,按实际呈现人数,83.33333333333334,83.33333333333334,83.33333333333334,83.33333333333334,16.666666666666664,0.9009009009009009
ITEM-00007,29,惊讶,13,0.15384615384615385,0.15384615384615385,0.15384615384615385,0.15384615384615385,0.8461538461538461,0.087984496124031,0.8461538461538461,34,34,按实际呈现人数,15.384615384615385,15.384615384615385,15.384615384615385,15.384615384615385,84.61538461538461,8.7984496124031
ITEM-00008,30,困惑,8,0.0,0.0,0.0,0.0,1.0,0.10515873015873015,1.0,35,34,按实际呈现人数,0.0,0.0,0.0,0.0,100.0,10.515873015873014
ITEM-00009,7,紧张,35,0.4,0.4,0.4,0.4,0.6,0.07661285473785474,0.6,36,36,按实际呈现人数,40.0,40.0,40.0,40.0,60.0,7.661285473785474
ITEM-00010,63,兴奋｜惊喜,33,0.2727272727272727,0.6363636363636364,0.9393939393939394,0.7878787878787878,0.5757575757575758,0.12499248436748438,0.9393939393939394,33,33,按实际呈现人数,27.27272727272727,63.63636363636363,93.93939393939394,78.78787878787878,57.57575757575758,12.499248436748438
ITEM-00011,25,担忧,10,0.9,0.9,0.9,0.9,0.1,0.005,0.1,39,39,按实际呈现人数,90.0,90.0,90.0,90.0,10.0,0.5
ITEM-00012,26,愤怒,12,0.9166666666666666,0.9166666666666666,0.9166666666666666,0.9166666666666666,0.08333333333333333,0.005555555555555556,0.08333333333333333,44,44,按实际呈现人数,91.66666666666666,91.66666666666666,91.66666666666666,91.66666666666666,8.333333333333332,0.5555555555555556
ITEM-00013,27,愤怒,15,0.8666666666666667,0.8666666666666667,0.8666666666666667,0.8666666666666667,0.13333333333333333,0.006802721088435374,0.13333333333333333,48,48,按实际呈现人数,86.66666666666667,86.66666666666667,86.66666666666667,86.66666666666667,13.333333333333334,0.6802721088435374
ITEM-00014,1,崇拜,8,0.875,0.875,0.875,0.875,0.125,0.0125,0.125,39,39,按实际呈现人数,87.5,87.5,87.5,87.5,12.5,1.25
ITEM-00015,4,绝望,6,0.16666666666666666,0.16666666666666666,0.16666666666666666,0.16666666666666666,0.8333333333333334,0.09803921568627451,0.8333333333333334,29,29,按实际呈现人数,16.666666666666664,16.666666666666664,16.666666666666664,16.666666666666664,83.33333333333334,9.803921568627452
ITEM-00016,9,不屑,8,0.75,0.75,0.75,0.75,0.25,0.034188034188034185,0.25,37,37,按实际呈现人数,75.0,75.0,75.0,75.0,25.0,3.4188034188034186
ITEM-00017,10,愤怒,6,0.8333333333333334,0.8333333333333334,0.8333333333333334,0.8333333333333334,0.16666666666666666,0.029411764705882353,0.16666666666666666,33,33,按实际呈现人数,83.33333333333334,83.33333333333334,83.33333333333334,83.33333333333334,16.666666666666664,2.941176470588235
ITEM-00018,11,共情痛苦,6,0.8333333333333334,0.8333333333333334,0.8333333333333334,0.8333333333333334,0.16666666666666666,0.010416666666666666,0.16666666666666666,31,31,按实际呈现人数,83.33333333333334,83.33333333333334,83.33333333333334,83.33333333333334,16.666666666666664,1.0416666666666665
ITEM-00019,12,烦躁,7,0.5714285714285714,0.5714285714285714,0.5714285714285714,0.5714285714285714,0.42857142857142855,0.04411764705882353,0.42857142857142855,32,32,按实际呈现人数,57.14285714285714,57.14285714285714,57.14285714285714,57.14285714285714,42.857142857142854,4.411764705882353
ITEM-00020,13,尴尬,10,0.5,0.5,0.5,0.5,0.5,0.06626984126984127,0.5,37,37,按实际呈现人数,50.0,50.0,50.0,50.0,50.0,6.626984126984127
ITEM-00021,14,怀旧,6,0.16666666666666666,0.16666666666666666,0.16666666666666666,0.16666666666666666,0.8333333333333334,0.10087719298245615,0.8333333333333334,33,33,按实际呈现人数,16.666666666666664,16.666666666666664,16.666666666666664,16.666666666666664,83.33333333333334,10.087719298245615
ITEM-00022,16,震惊,9,0.6666666666666666,0.6666666666666666,0.6666666666666666,0.6666666666666666,0.3333333333333333,0.029166666666666664,0.3333333333333333,37,37,按实际呈现人数,66.66666666666666,66.66666666666666,66.66666666666666,66.66666666666666,33.33333333333333,2.9166666666666665
ITEM-00023,55,敌意,7,0.7142857142857143,0.7142857142857143,0.7142857142857143,0.7142857142857143,0.2857142857142857,0.02857142857142857,0.2857142857142857,33,33,按实际呈现人数,71.42857142857143,71.42857142857143,71.42857142857143,71.42857142857143,28.57142857142857,2.857142857142857
ITEM-00024,57,紧张,3,0.3333333333333333,0.3333333333333333,0.3333333333333333,0.3333333333333333,0.6666666666666666,0.075,0.6666666666666666,18,18,按实际呈现人数,33.33333333333333,33.33333333333333,33.33333333333333,33.33333333333333,66.66666666666666,7.5
ITEM-00025,60,痛苦,4,0.5,0.5,0.5,0.5,0.5,0.05172413793103448,0.5,27,27,按实际呈现人数,50.0,50.0,50.0,50.0,50.0,5.172413793103448
ITEM-00026,64,悲伤,8,0.625,0.625,0.625,0.625,0.375,0.04065040650406504,0.375,38,38,按实际呈现人数,62.5,62.5,62.5,62.5,37.5,4.0650406504065035
ITEM-00027,83,快乐,8,0.5,0.5,0.5,0.5,0.5,0.05416666666666666,0.5,37,37,按实际呈现人数,50.0,50.0,50.0,50.0,50.0,5.416666666666666
ITEM-00028,24,悲伤,3,0.3333333333333333,0.3333333333333333,0.3333333333333333,0.3333333333333333,0.6666666666666666,0.08695652173913043,0.6666666666666666,21,21,按实际呈现人数,33.33333333333333,33.33333333333333,33.33333333333333,33.33333333333333,66.66666666666666,8.695652173913043
ITEM-00029,34,厌恶,6,0.0,0.0,0.0,0.0,1.0,0.09313725490196079,1.0,31,30,按实际呈现人数,0.0,0.0,0.0,0.0,100.0,9.313725490196079
ITEM-00030,42,困惑,8,0.5,0.5,0.5,0.5,0.5,0.059829059829059825,0.5,35,35,按实际呈现人数,50.0,50.0,50.0,50.0,50.0,5.982905982905982
ITEM-00032,41,愉悦,5,0.4,0.4,0.4,0.4,0.6,0.08045977011494253,0.6,26,26,按实际呈现人数,40.0,40.0,40.0,40.0,60.0,8.045977011494253
ITEM-00033,44,惊讶,9,0.5555555555555556,0.5555555555555556,0.5555555555555556,0.5555555555555556,0.4444444444444444,0.022222222222222223,0.4444444444444444,35,35,按实际呈现人数,55.55555555555556,55.55555555555556,55.55555555555556,55.55555555555556,44.44444444444444,2.2222222222222223
ITEM-00034,43,爱,8,0.875,0.875,0.875,0.875,0.125,0.025,0.125,39,39,按实际呈现人数,87.5,87.5,87.5,87.5,12.5,2.5
ITEM-00035,96,惊讶,3,0.3333333333333333,0.3333333333333333,0.3333333333333333,0.3333333333333333,0.6666666666666666,0.09090909090909091,0.6666666666666666,20,20,按实际呈现人数,33.33333333333333,33.33333333333333,33.33333333333333,33.33333333333333,66.66666666666666,9.090909090909092
ITEM-00036,45,兴趣,7,0.14285714285714285,0.14285714285714285,0.14285714285714285,0.14285714285714285,0.8571428571428571,0.0842857142857143,0.8571428571428571,30,30,按实际呈现人数,14.285714285714285,14.285714285714285,14.285714285714285,14.285714285714285,85.71428571428571,8.42857142857143
ITEM-00037,50,蔑视,14,0.7142857142857143,0.7142857142857143,0.7142857142857143,0.7142857142857143,0.2857142857142857,0.035460992907801414,0.2857142857142857,43,43,按实际呈现人数,71.42857142857143,71.42857142857143,71.42857142857143,71.42857142857143,28.57142857142857,3.546099290780141
ITEM-00038,51,自满,9,0.7777777777777778,0.7777777777777778,0.7777777777777778,0.7777777777777778,0.2222222222222222,0.020833333333333332,0.2222222222222222,38,38,按实际呈现人数,77.77777777777779,77.77777777777779,77.77777777777779,77.77777777777779,22.22222222222222,2.083333333333333
ITEM-00039,52,痛苦,13,0.8461538461538461,0.8461538461538461,0.8461538461538461,0.8461538461538461,0.15384615384615385,0.028368794326241134,0.15384615384615385,45,45,按实际呈现人数,84.61538461538461,84.61538461538461,84.61538461538461,84.61538461538461,15.384615384615385,2.8368794326241136
ITEM-00040,53,怨恨,16,0.625,0.625,0.625,0.625,0.375,0.03229166666666667,0.375,45,45,按实际呈现人数,62.5,62.5,62.5,62.5,37.5,3.229166666666667
ITEM-00041,54,自满,18,0.16666666666666666,0.16666666666666666,0.16666666666666666,0.16666666666666666,0.8333333333333334,0.11054421768707481,0.8333333333333334,39,39,按实际呈现人数,16.666666666666664,16.666666666666664,16.666666666666664,16.666666666666664,83.33333333333334,11.054421768707481
ITEM-00042,61,委屈｜悲伤,22,0.18181818181818182,0.36363636363636365,0.8636363636363636,0.6136363636363636,0.6363636363636364,0.12762896825396824,1.0,33,33,按实际呈现人数,18.181818181818183,36.36363636363637,86.36363636363636,61.36363636363637,63.63636363636363,12.762896825396824
ITEM-00043,65,怀旧｜愉悦｜感动｜遗憾,17,0.0,0.0,1.0,0.3676470588235294,0.5294117647058824,0.125968992248062,0.6470588235294118,35,34,按实际呈现人数,0.0,0.0,100.0,36.764705882352935,52.94117647058824,12.596899224806199
ITEM-00044,80,惊讶｜紧张,21,0.0,0.19047619047619047,0.9047619047619048,0.5476190476190477,0.5714285714285714,0.10069444444444443,0.7142857142857143,38,38,按实际呈现人数,0.0,19.047619047619047,90.47619047619048,54.761904761904766,57.14285714285714,10.069444444444443
ITEM-00045,2,紧张,31,0.2903225806451613,0.2903225806451613,0.2903225806451613,0.2903225806451613,0.7096774193548387,0.08048266925817946,0.7096774193548387,35,35,按实际呈现人数,29.03225806451613,29.03225806451613,29.03225806451613,29.03225806451613,70.96774193548387,8.048266925817945
ITEM-00046,89,内疚｜悲伤,12,0.0,0.4166666666666667,0.8333333333333334,0.625,0.75,0.1402439024390244,1.0,30,30,按实际呈现人数,0.0,41.66666666666667,83.33333333333334,62.5,75.0,14.02439024390244
ITEM-00047,90,快乐｜惊喜｜愉悦,16,0.1875,0.375,0.875,0.625,0.5,0.11507936507936507,0.6875,35,35,按实际呈现人数,18.75,37.5,87.5,62.5,50.0,11.507936507936508
ITEM-00048,2,愤怒,34,0.7058823529411765,0.7058823529411765,0.7058823529411765,0.7058823529411765,0.29411764705882354,0.025235592072326767,0.29411764705882354,41,41,按实际呈现人数,70.58823529411765,70.58823529411765,70.58823529411765,70.58823529411765,29.411764705882355,2.523559207232677
ITEM-00049,17,敌意,43,0.4186046511627907,0.4186046511627907,0.4186046511627907,0.4186046511627907,0.5813953488372093,0.06739150871803934,0.5813953488372093,32,32,按实际呈现人数,41.86046511627907,41.86046511627907,41.86046511627907,41.86046511627907,58.139534883720934,6.739150871803934
ITEM-00050,92,怨恨｜敌意,20,0.25,0.55,0.9,0.725,0.45,0.06826241134751773,0.6,37,37,按实际呈现人数,25.0,55.00000000000001,90.0,72.5,45.0,6.826241134751773
ITEM-00051,93,悲伤,15,0.4666666666666667,0.4666666666666667,0.4666666666666667,0.4666666666666667,0.5333333333333333,0.049999999999999996,0.5333333333333333,41,41,按实际呈现人数,46.666666666666664,46.666666666666664,46.666666666666664,46.666666666666664,53.333333333333336,5.0
ITEM-00052,94,委屈｜痛苦｜绝望,15,0.0,0.26666666666666666,0.8666666666666667,0.5555555555555555,0.6,0.10119047619047619,0.7333333333333333,35,35,按实际呈现人数,0.0,26.666666666666668,86.66666666666667,55.55555555555555,60.0,10.119047619047619
ITEM-00053,95,委屈｜悲伤｜绝望,15,0.06666666666666667,0.06666666666666667,0.9333333333333333,0.5777777777777777,0.7333333333333333,0.13850174216027872,1.0,29,29,按实际呈现人数,6.666666666666667,6.666666666666667,93.33333333333333,57.77777777777777,73.33333333333333,13.850174216027872
ITEM-00054,97,希望｜愉悦｜轻松,15,0.06666666666666667,0.2,0.8666666666666667,0.6,0.5333333333333333,0.15854700854700857,0.7333333333333333,30,30,按实际呈现人数,6.666666666666667,20.0,86.66666666666667,60.0,53.333333333333336,15.854700854700857
ITEM-00055,98,兴奋｜快乐｜愉悦｜轻松,18,0.05555555555555555,0.2222222222222222,0.9444444444444444,0.6527777777777778,0.5555555555555556,0.12037037037037036,0.7222222222222222,34,34,按实际呈现人数,5.555555555555555,22.22222222222222,94.44444444444444,65.27777777777779,55.55555555555556,12.037037037037036
ITEM-00056,101,担忧,11,0.2727272727272727,0.2727272727272727,0.2727272727272727,0.2727272727272727,0.7272727272727273,0.0635658914728682,0.7272727272727273,37,37,按实际呈现人数,27.27272727272727,27.27272727272727,27.27272727272727,27.27272727272727,72.72727272727273,6.356589147286821
ITEM-00057,23,惊喜,33,0.6363636363636364,0.6363636363636364,0.6363636363636364,0.6363636363636364,0.36363636363636365,0.045384604058073444,0.36363636363636365,39,39,按实际呈现人数,63.63636363636363,63.63636363636363,63.63636363636363,63.63636363636363,36.36363636363637,4.538460405807345
ITEM-00058,102,愉悦｜感动,22,0.045454545454545456,0.13636363636363635,0.5454545454545454,0.34090909090909094,0.9090909090909091,0.15793650793650796,1.4545454545454546,31,31,按实际呈现人数,4.545454545454546,13.636363636363635,54.54545454545454,34.09090909090909,90.9090909090909,15.793650793650796
ITEM-00059,15,羞耻,12,0.75,0.75,0.75,0.75,0.25,0.03953488372093023,0.25,40,40,按实际呈现人数,75.0,75.0,75.0,75.0,25.0,3.953488372093023
ITEM-00060,18,感激,11,0.2727272727272727,0.2727272727272727,0.2727272727272727,0.2727272727272727,0.7272727272727273,0.09963768115942029,0.7272727272727273,39,39,按实际呈现人数,27.27272727272727,27.27272727272727,27.27272727272727,27.27272727272727,72.72727272727273,9.96376811594203
ITEM-00061,109,快乐｜愉悦,18,0.2777777777777778,0.8888888888888888,1.0,0.9444444444444444,0.6111111111111112,0.14722222222222223,1.2222222222222223,37,37,按实际呈现人数,27.77777777777778,88.88888888888889,100.0,94.44444444444444,61.111111111111114,14.722222222222223
ITEM-00062,23,惊喜,10,0.8,0.8,0.8,0.8,0.2,0.03571428571428571,0.2,40,40,按实际呈现人数,80.0,80.0,80.0,80.0,20.0,3.571428571428571
ITEM-00063,110,愉悦｜轻松,16,0.1875,0.25,0.875,0.5625,0.6875,0.13333333333333333,1.0625,35,35,按实际呈现人数,18.75,25.0,87.5,56.25,68.75,13.333333333333334
ITEM-00064,111,愉悦｜释然,18,0.16666666666666666,0.2222222222222222,0.7222222222222222,0.4722222222222222,0.6666666666666666,0.1502026342451874,1.0555555555555556,31,31,按实际呈现人数,16.666666666666664,22.22222222222222,72.22222222222221,47.22222222222222,66.66666666666666,15.02026342451874
ITEM-00065,112,悲伤｜感动｜遗憾｜释然,20,0.0,0.0,1.0,0.4375,0.45,0.09573643410852714,0.65,35,35,按实际呈现人数,0.0,0.0,100.0,43.75,45.0,9.573643410852714
ITEM-00066,113,悲伤｜渴望｜痛苦｜绝望,17,0.0,0.11764705882352941,0.9411764705882353,0.6029411764705882,0.35294117647058826,0.06547619047619048,0.4117647058823529,37,37,按实际呈现人数,0.0,11.76470588235294,94.11764705882352,60.29411764705882,35.294117647058826,6.547619047619048
ITEM-00067,114,震惊,9,0.5555555555555556,0.5555555555555556,0.5555555555555556,0.5555555555555556,0.4444444444444444,0.03625,0.4444444444444444,36,36,按实际呈现人数,55.55555555555556,55.55555555555556,55.55555555555556,55.55555555555556,44.44444444444444,3.6249999999999996
ITEM-00068,116,不屑｜厌恶,35,0.17142857142857143,0.4,0.8285714285714286,0.6142857142857143,0.6,0.09484126984126984,0.7714285714285715,35,35,按实际呈现人数,17.142857142857142,40.0,82.85714285714286,61.42857142857143,60.0,9.484126984126984
ITEM-00069,117,愉悦｜感激｜爱,24,0.041666666666666664,0.125,0.9583333333333334,0.5694444444444444,0.4583333333333333,0.09891304347826088,0.5416666666666666,37,37,按实际呈现人数,4.166666666666666,12.5,95.83333333333334,56.94444444444444,45.83333333333333,9.891304347826088
ITEM-00070,119,困惑｜痛苦,37,0.16216216216216217,0.40540540540540543,0.972972972972973,0.6891891891891893,0.6486486486486487,0.12132109788359789,1.027027027027027,29,29,按实际呈现人数,16.216216216216218,40.54054054054054,97.2972972972973,68.91891891891892,64.86486486486487,12.13210978835979
ITEM-00071,91,失望｜震惊,18,0.05555555555555555,0.16666666666666666,0.8888888888888888,0.5277777777777778,0.8888888888888888,0.13156028368794326,1.3333333333333333,34,34,按实际呈现人数,5.555555555555555,16.666666666666664,88.88888888888889,52.77777777777778,88.88888888888889,13.156028368794326
ITEM-00072,120,兴趣｜希望｜愉悦｜满足｜轻松,26,0.038461538461538464,0.038461538461538464,1.0,0.5,0.34615384615384615,0.07724867724867725,0.4230769230769231,38,38,按实际呈现人数,3.8461538461538463,3.8461538461538463,100.0,50.0,34.61538461538461,7.724867724867725
ITEM-00073,107,感动｜爱,19,0.15789473684210525,0.2631578947368421,0.8421052631578947,0.5526315789473684,0.5789473684210527,0.13116402116402115,0.8947368421052632,34,34,按实际呈现人数,15.789473684210526,26.31578947368421,84.21052631578947,55.263157894736835,57.89473684210527,13.116402116402115
ITEM-00074,121,自豪,14,0.7857142857142857,0.7857142857142857,0.7857142857142857,0.7857142857142857,0.21428571428571427,0.02592592592592593,0.21428571428571427,42,42,按实际呈现人数,78.57142857142857,78.57142857142857,78.57142857142857,78.57142857142857,21.428571428571427,2.592592592592593
ITEM-00075,108,愤怒｜震惊,29,0.10344827586206896,0.41379310344827586,0.8620689655172413,0.6379310344827587,0.6551724137931034,0.1363559608240459,1.0,29,29,按实际呈现人数,10.344827586206897,41.37931034482759,86.20689655172413,63.793103448275865,65.51724137931035,13.635596082404591
ITEM-00076,78,烦躁｜羞耻,24,0.0,0.125,0.6666666666666666,0.3958333333333333,0.8333333333333334,0.15572916666666667,1.3333333333333333,31,31,按实际呈现人数,0.0,12.5,66.66666666666666,39.58333333333333,83.33333333333334,15.572916666666666
ITEM-00077,79,厌倦｜烦躁,26,0.11538461538461539,0.4230769230769231,0.8076923076923077,0.6153846153846154,0.7307692307692307,0.10463789682539681,0.8461538461538461,34,34,按实际呈现人数,11.538461538461538,42.30769230769231,80.76923076923077,61.53846153846154,73.07692307692307,10.463789682539682
ITEM-00078,89,内疚｜悲伤,64,0.046875,0.21875,0.859375,0.5390625,0.703125,0.13482036754095578,1.09375,22,22,按实际呈现人数,4.6875,21.875,85.9375,53.90625,70.3125,13.482036754095578
ITEM-00079,61,委屈｜悲伤,34,0.08823529411764706,0.38235294117647056,0.8823529411764706,0.6323529411764706,0.7058823529411765,0.1189566798941799,1.088235294117647,30,30,按实际呈现人数,8.823529411764707,38.23529411764706,88.23529411764706,63.23529411764706,70.58823529411765,11.89566798941799
ITEM-00080,65,怀旧｜愉悦｜感动｜遗憾,35,0.0,0.0,0.9142857142857143,0.36428571428571427,0.5714285714285714,0.13444616977225674,0.7714285714285715,29,29,按实际呈现人数,0.0,0.0,91.42857142857143,36.42857142857142,57.14285714285714,13.444616977225673
ITEM-00081,58,审美欣赏｜怀旧,26,0.15384615384615385,0.4230769230769231,0.9230769230769231,0.6730769230769231,0.6923076923076923,0.10200101317122594,0.9230769230769231,34,34,按实际呈现人数,15.384615384615385,42.30769230769231,92.3076923076923,67.3076923076923,69.23076923076923,10.200101317122593
ITEM-00082,72,焦虑｜紧张,15,0.2,0.5333333333333333,0.8666666666666667,0.7,0.6666666666666666,0.12182539682539684,0.9333333333333333,31,31,按实际呈现人数,20.0,53.333333333333336,86.66666666666667,70.0,66.66666666666666,12.182539682539684
ITEM-00083,73,爱｜释然,19,0.05263157894736842,0.21052631578947367,0.9473684210526315,0.5789473684210527,0.7368421052631579,0.11671842650103519,1.0,33,33,按实际呈现人数,5.263157894736842,21.052631578947366,94.73684210526315,57.89473684210527,73.68421052631578,11.67184265010352
ITEM-00084,78,烦躁｜羞耻,43,0.046511627906976744,0.16279069767441862,0.5581395348837209,0.36046511627906974,0.8372093023255814,0.17475198412698412,1.4186046511627908,25,25,按实际呈现人数,4.651162790697675,16.27906976744186,55.81395348837209,36.04651162790697,83.72093023255815,17.47519841269841
ITEM-00085,76,兴奋｜自豪,13,0.3076923076923077,0.9230769230769231,1.0,0.9615384615384616,0.6923076923076923,0.13825757575757575,1.0769230769230769,34,34,按实际呈现人数,30.76923076923077,92.3076923076923,100.0,96.15384615384616,69.23076923076923,13.825757575757574
ITEM-00086,79,厌倦｜烦躁,51,0.23529411764705882,0.5098039215686274,0.9019607843137255,0.7058823529411764,0.5098039215686274,0.09741838023088023,0.7254901960784313,32,32,按实际呈现人数,23.52941176470588,50.98039215686274,90.19607843137256,70.58823529411764,50.98039215686274,9.741838023088023
ITEM-00087,77,兴奋｜惊喜｜爱,17,0.11764705882352941,0.4117647058823529,0.9411764705882353,0.7058823529411765,0.7647058823529411,0.13695652173913042,1.1764705882352942,36,36,按实际呈现人数,11.76470588235294,41.17647058823529,94.11764705882352,70.58823529411765,76.47058823529412,13.695652173913043
ITEM-00088,81,兴奋｜快乐｜惊喜｜爱,24,0.375,0.5,1.0,0.8229166666666666,0.16666666666666666,0.03260869565217391,0.16666666666666666,43,43,按实际呈现人数,37.5,50.0,100.0,82.29166666666666,16.666666666666664,3.260869565217391
ITEM-00089,84,同情｜悲伤｜担忧,19,0.05263157894736842,0.3684210526315789,1.0,0.7192982456140351,0.5263157894736842,0.13623188405797101,0.8947368421052632,34,34,按实际呈现人数,5.263157894736842,36.84210526315789,100.0,71.9298245614035,52.63157894736842,13.623188405797102
ITEM-00090,56,失望｜怨恨,29,0.13793103448275862,0.6551724137931034,0.9310344827586207,0.7931034482758621,0.7241379310344828,0.19218749999999998,1.206896551724138,28,28,按实际呈现人数,13.793103448275861,65.51724137931035,93.10344827586206,79.3103448275862,72.41379310344827,19.21875
ITEM-00091,59,内疚｜痛苦,28,0.25,0.42857142857142855,0.8571428571428571,0.6428571428571428,0.6785714285714286,0.14363425925925924,1.0357142857142858,32,32,按实际呈现人数,25.0,42.857142857142854,85.71428571428571,64.28571428571428,67.85714285714286,14.363425925925924
ITEM-00092,66,内疚｜悲伤｜痛苦,28,0.35714285714285715,0.5714285714285714,0.9285714285714286,0.7857142857142857,0.4642857142857143,0.08546099290780142,0.5357142857142857,37,37,按实际呈现人数,35.714285714285715,57.14285714285714,92.85714285714286,78.57142857142857,46.42857142857143,8.546099290780141
ITEM-00093,75,委屈｜悲伤,36,0.2222222222222222,0.5833333333333334,0.8611111111111112,0.7222222222222222,0.6666666666666666,0.1154431216931217,0.9444444444444444,31,31,按实际呈现人数,22.22222222222222,58.333333333333336,86.11111111111111,72.22222222222221,66.66666666666666,11.54431216931217
ITEM-00094,88,兴趣｜渴望,23,0.08695652173913043,0.17391304347826086,0.6086956521739131,0.3913043478260869,0.782608695652174,0.12951388888888887,0.9565217391304348,31,31,按实际呈现人数,8.695652173913043,17.391304347826086,60.86956521739131,39.13043478260869,78.26086956521739,12.951388888888888
ITEM-00095,59,内疚｜痛苦,28,0.32142857142857145,0.75,1.0,0.875,0.5714285714285714,0.11940310846560846,0.8214285714285714,35,35,按实际呈现人数,32.142857142857146,75.0,100.0,87.5,57.14285714285714,11.940310846560847
ITEM-00096,74,审美欣赏｜愉悦,40,0.15,0.55,0.95,0.75,0.625,0.13109355921855922,1.15,32,32,按实际呈现人数,15.0,55.00000000000001,95.0,75.0,62.5,13.109355921855922
ITEM-00097,82,快乐｜轻松,36,0.1111111111111111,0.19444444444444445,0.5555555555555556,0.375,0.75,0.1452651515151515,1.2222222222222223,25,25,按实际呈现人数,11.11111111111111,19.444444444444446,55.55555555555556,37.5,75.0,14.526515151515152
ITEM-00098,1,感激｜满足｜自豪,28,0.03571428571428571,0.17857142857142858,0.8571428571428571,0.5,0.5,0.08697614442295293,0.7142857142857143,34,34,按实际呈现人数,3.571428571428571,17.857142857142858,85.71428571428571,50.0,50.0,8.697614442295293
ITEM-00100,10,不屑｜得意,33,0.15151515151515152,0.42424242424242425,0.7575757575757576,0.5909090909090909,0.7575757575757576,0.14899578879170716,1.2424242424242424,25,25,按实际呈现人数,15.151515151515152,42.42424242424242,75.75757575757575,59.09090909090909,75.75757575757575,14.899578879170717
ITEM-00101,55,困惑｜尴尬,28,0.17857142857142858,0.42857142857142855,0.7142857142857143,0.5714285714285714,0.6428571428571429,0.1246031746031746,0.9285714285714286,34,34,按实际呈现人数,17.857142857142858,42.857142857142854,71.42857142857143,57.14285714285714,64.28571428571429,12.46031746031746
ITEM-00102,57,愤怒｜烦躁,35,0.22857142857142856,0.6571428571428571,0.8571428571428571,0.7571428571428571,0.6857142857142857,0.10367063492063493,0.8285714285714286,30,30,按实际呈现人数,22.857142857142858,65.71428571428571,85.71428571428571,75.71428571428571,68.57142857142857,10.367063492063492
ITEM-00104,23,兴奋,27,0.9629629629629629,0.9629629629629629,0.9629629629629629,0.9629629629629629,0.037037037037037035,0.003472222222222222,0.037037037037037035,47,47,按实际呈现人数,96.29629629629629,96.29629629629629,96.29629629629629,96.29629629629629,3.7037037037037033,0.3472222222222222
ITEM-00105,2,内疚｜焦虑｜紧张,41,0.04878048780487805,0.14634146341463414,0.8780487804878049,0.5040650406504065,0.5853658536585366,0.12401446071658838,0.8536585365853658,26,26,按实际呈现人数,4.878048780487805,14.634146341463413,87.8048780487805,50.40650406504065,58.536585365853654,12.401446071658837
ITEM-00106,77,快乐,31,0.4838709677419355,0.4838709677419355,0.4838709677419355,0.4838709677419355,0.5161290322580645,0.05196793002915452,0.5161290322580645,41,41,按实际呈现人数,48.38709677419355,48.38709677419355,48.38709677419355,48.38709677419355,51.61290322580645,5.196793002915452
ITEM-00107,81,快乐｜感动｜满足,25,0.04,0.12,0.84,0.48000000000000004,0.64,0.13900709219858157,1.0,32,32,按实际呈现人数,4.0,12.0,84.0,48.00000000000001,64.0,13.900709219858157
ITEM-00108,59,抑郁｜痛苦,35,0.08571428571428572,0.2857142857142857,0.6285714285714286,0.45714285714285713,0.8285714285714286,0.18376397907647904,1.5142857142857142,22,22,按实际呈现人数,8.571428571428571,28.57142857142857,62.857142857142854,45.714285714285715,82.85714285714286,18.376397907647902
ITEM-00109,88,厌倦｜困惑,49,0.061224489795918366,0.20408163265306123,0.6938775510204082,0.44897959183673464,0.8367346938775511,0.1522400631775632,1.183673469387755,18,18,按实际呈现人数,6.122448979591836,20.408163265306122,69.38775510204081,44.897959183673464,83.6734693877551,15.22400631775632
ITEM-00110,59,抑郁｜痛苦,32,0.0,0.28125,0.78125,0.53125,0.9375,0.17093253968253966,1.34375,25,25,按实际呈现人数,0.0,28.125,78.125,53.125,93.75,17.093253968253965
ITEM-00111,31,无奈,12,0.5833333333333334,0.5833333333333334,0.5833333333333334,0.5833333333333334,0.4166666666666667,0.041666666666666664,0.4166666666666667,41,41,按实际呈现人数,58.333333333333336,58.333333333333336,58.333333333333336,58.333333333333336,41.66666666666667,4.166666666666666
ITEM-00112,35,烦躁,7,0.0,0.0,0.0,0.0,1.0,0.09429824561403508,1.0,33,32,按实际呈现人数,0.0,0.0,0.0,0.0,100.0,9.429824561403507
ITEM-00113,36,共情痛苦,7,0.14285714285714285,0.14285714285714285,0.14285714285714285,0.14285714285714285,0.8571428571428571,0.08108108108108109,0.8571428571428571,33,33,按实际呈现人数,14.285714285714285,14.285714285714285,14.285714285714285,14.285714285714285,85.71428571428571,8.108108108108109
ITEM-00114,38,遗憾,9,0.1111111111111111,0.1111111111111111,0.1111111111111111,0.1111111111111111,0.8888888888888888,0.0873015873015873,0.8888888888888888,37,37,按实际呈现人数,11.11111111111111,11.11111111111111,11.11111111111111,11.11111111111111,88.88888888888889,8.73015873015873
ITEM-00115,39,震惊,10,0.8,0.8,0.8,0.8,0.2,0.046511627906976744,0.2,41,41,按实际呈现人数,80.0,80.0,80.0,80.0,20.0,4.651162790697675
ITEM-00116,46,悲伤,12,0.5833333333333334,0.5833333333333334,0.5833333333333334,0.5833333333333334,0.4166666666666667,0.06296296296296296,0.4166666666666667,41,41,按实际呈现人数,58.333333333333336,58.333333333333336,58.333333333333336,58.333333333333336,41.66666666666667,6.296296296296296
ITEM-00117,47,焦虑,10,0.2,0.2,0.2,0.2,0.8,0.08333333333333331,0.8,35,35,按实际呈现人数,20.0,20.0,20.0,20.0,80.0,8.333333333333332
ITEM-00118,48,困惑,11,0.36363636363636365,0.36363636363636365,0.36363636363636365,0.36363636363636365,0.6363636363636364,0.06162790697674418,0.6363636363636364,37,37,按实际呈现人数,36.36363636363637,36.36363636363637,36.36363636363637,36.36363636363637,63.63636363636363,6.162790697674418
ITEM-00119,49,厌倦,8,0.25,0.25,0.25,0.25,0.75,0.08739837398373983,0.75,35,35,按实际呈现人数,25.0,25.0,25.0,25.0,75.0,8.739837398373982
ITEM-00120,105,紧张,8,0.125,0.125,0.125,0.125,0.875,0.10526315789473684,0.875,31,31,按实际呈现人数,12.5,12.5,12.5,12.5,87.5,10.526315789473683
ITEM-00121,106,惊讶,14,0.7142857142857143,0.7142857142857143,0.7142857142857143,0.7142857142857143,0.2857142857142857,0.03333333333333333,0.2857142857142857,42,42,按实际呈现人数,71.42857142857143,71.42857142857143,71.42857142857143,71.42857142857143,28.57142857142857,3.3333333333333335
ITEM-00122,5,羡慕,11,0.36363636363636365,0.36363636363636365,0.36363636363636365,0.36363636363636365,0.6363636363636364,0.059259259259259255,0.6363636363636364,40,40,按实际呈现人数,36.36363636363637,36.36363636363637,36.36363636363637,36.36363636363637,63.63636363636363,5.925925925925926
ITEM-00123,8,绝望,41,0.6341463414634146,0.6341463414634146,0.6341463414634146,0.6341463414634146,0.36585365853658536,0.03889206032063175,0.36585365853658536,42,42,按实际呈现人数,63.41463414634146,63.41463414634146,63.41463414634146,63.41463414634146,36.58536585365854,3.889206032063175
ITEM-00124,22,释然,39,0.6666666666666666,0.6666666666666666,0.6666666666666666,0.6666666666666666,0.3333333333333333,0.030792620078334363,0.3333333333333333,40,40,按实际呈现人数,66.66666666666666,66.66666666666666,66.66666666666666,66.66666666666666,33.33333333333333,3.0792620078334365
ITEM-00125,85,不屑｜愉悦｜感激,26,0.15384615384615385,0.23076923076923078,1.0,0.641025641025641,0.7307692307692307,0.18568134763786937,1.1538461538461537,27,27,按实际呈现人数,15.384615384615385,23.076923076923077,100.0,64.1025641025641,73.07692307692307,18.568134763786937
ITEM-00126,86,惊讶｜愉悦,17,0.0,0.11764705882352941,0.7647058823529411,0.4411764705882353,0.8235294117647058,0.17907801418439714,1.5294117647058822,28,28,按实际呈现人数,0.0,11.76470588235294,76.47058823529412,44.11764705882353,82.35294117647058,17.907801418439714
ITEM-00127,87,同情｜蔑视｜震惊,20,0.05,0.05,0.9,0.45,0.8,0.15555555555555556,1.0,32,32,按实际呈现人数,5.0,5.0,90.0,45.0,80.0,15.555555555555555
ITEM-00128,100,兴奋｜期望,17,0.17647058823529413,0.35294117647058826,0.8823529411764706,0.6176470588235294,0.6470588235294118,0.11805555555555554,1.0588235294117647,33,33,按实际呈现人数,17.647058823529413,35.294117647058826,88.23529411764706,61.76470588235294,64.70588235294117,11.805555555555554
ITEM-00129,103,不屑｜敌意,21,0.19047619047619047,0.2857142857142857,0.7142857142857143,0.5,0.7142857142857143,0.11805555555555557,0.9523809523809523,36,36,按实际呈现人数,19.047619047619047,28.57142857142857,71.42857142857143,50.0,71.42857142857143,11.805555555555557
ITEM-00130,104,愤怒｜震惊,19,0.10526315789473684,0.21052631578947367,0.8947368421052632,0.5526315789473684,0.5789473684210527,0.07355072463768116,0.7368421052631579,37,37,按实际呈现人数,10.526315789473683,21.052631578947366,89.47368421052632,55.263157894736835,57.89473684210527,7.355072463768115
ITEM-00131,115,兴奋｜愉悦,14,0.07142857142857142,0.5,0.8571428571428571,0.6785714285714286,0.7142857142857143,0.1554263565891473,1.2142857142857142,30,30,按实际呈现人数,7.142857142857142,50.0,85.71428571428571,67.85714285714286,71.42857142857143,15.54263565891473
ITEM-00132,37,平静｜恭敬,14,0.14285714285714285,0.35714285714285715,1.0,0.6785714285714286,0.6428571428571429,0.17296296296296296,1.2142857142857142,31,31,按实际呈现人数,14.285714285714285,35.714285714285715,100.0,67.85714285714286,64.28571428571429,17.296296296296294
ITEM-00133,99,平静｜期待,11,0.09090909090909091,0.36363636363636365,0.5454545454545454,0.45454545454545453,0.9090909090909091,0.17325581395348835,1.4545454545454546,30,30,按实际呈现人数,9.090909090909092,36.36363636363637,54.54545454545454,45.45454545454545,90.9090909090909,17.325581395348834
ITEM-00134,67,不屑｜敌意,34,0.20588235294117646,0.6470588235294118,0.8823529411764706,0.7647058823529411,0.7058823529411765,0.10735780423280424,0.8529411764705882,35,35,按实际呈现人数,20.588235294117645,64.70588235294117,88.23529411764706,76.47058823529412,70.58823529411765,10.735780423280424
ITEM-00135,68,不屑｜惊吓,39,0.05128205128205128,0.20512820512820512,0.8461538461538461,0.5256410256410257,0.9230769230769231,0.151566687280973,1.5384615384615385,31,31,按实际呈现人数,5.128205128205128,20.51282051282051,84.61538461538461,52.56410256410257,92.3076923076923,15.1566687280973
ITEM-00136,71,不屑｜委屈｜恐惧,21,0.047619047619047616,0.19047619047619047,0.9047619047619048,0.5873015873015873,0.6666666666666666,0.111231884057971,0.7619047619047619,35,35,按实际呈现人数,4.761904761904762,19.047619047619047,90.47619047619048,58.730158730158735,66.66666666666666,11.1231884057971
ITEM-00137,69,愤怒｜轻视,33,0.15151515151515152,0.5151515151515151,0.9393939393939394,0.7272727272727273,0.6666666666666666,0.11071428571428571,0.9393939393939394,34,34,按实际呈现人数,15.151515151515152,51.515151515151516,93.93939393939394,72.72727272727273,66.66666666666666,11.071428571428571
ITEM-00138,22,不屑｜可惜,37,0.0,0.05405405405405406,0.5135135135135135,0.28378378378378377,0.9459459459459459,0.16841593780369288,1.2972972972972974,24,24,按实际呈现人数,0.0,5.405405405405405,51.35135135135135,28.37837837837838,94.5945945945946,16.841593780369287
ITEM-00139,37,敬畏｜焦虑,64,0.03125,0.109375,0.703125,0.40625,0.65625,0.11122664183888674,0.890625,20,20,按实际呈现人数,3.125,10.9375,70.3125,40.625,65.625,11.122664183888674
ITEM-00140,63,兴奋｜惊喜,48,0.14583333333333334,0.4375,0.8958333333333334,0.6666666666666667,0.6666666666666666,0.09857127825877826,0.9583333333333334,31,31,按实际呈现人数,14.583333333333334,43.75,89.58333333333334,66.66666666666667,66.66666666666666,9.857127825877827
ITEM-00141,67,惊讶｜愤怒,48,0.08333333333333333,0.22916666666666666,0.875,0.5520833333333334,0.625,0.10734046046546046,0.9166666666666666,26,26,按实际呈现人数,8.333333333333332,22.916666666666664,87.5,55.208333333333336,62.5,10.734046046546046
ITEM-00142,68,敌意,33,0.3939393939393939,0.3939393939393939,0.3939393939393939,0.3939393939393939,0.6060606060606061,0.08163265306122448,0.6060606060606061,33,33,按实际呈现人数,39.39393939393939,39.39393939393939,39.39393939393939,39.39393939393939,60.60606060606061,8.16326530612245
ITEM-00143,71,不屑,37,0.2972972972972973,0.2972972972972973,0.2972972972972973,0.2972972972972973,0.7027027027027027,0.08717201166180757,0.7027027027027027,37,37,按实际呈现人数,29.72972972972973,29.72972972972973,29.72972972972973,29.72972972972973,70.27027027027027,8.717201166180757
ITEM-00144,118,失望,31,0.45161290322580644,0.45161290322580644,0.45161290322580644,0.45161290322580644,0.5483870967741935,0.06290087463556851,0.5483870967741935,37,37,按实际呈现人数,45.16129032258064,45.16129032258064,45.16129032258064,45.16129032258064,54.83870967741935,6.290087463556851
ITEM-00145,69,愤怒｜震惊,29,0.034482758620689655,0.20689655172413793,0.7931034482758621,0.5,0.7241379310344828,0.15965608465608463,1.103448275862069,27,27,按实际呈现人数,3.4482758620689653,20.689655172413794,79.3103448275862,50.0,72.41379310344827,15.965608465608463
ITEM-00146,118,失望｜烦躁,31,0.45161290322580644,0.6129032258064516,0.9032258064516129,0.7580645161290323,0.45161290322580644,0.10223214285714287,0.7741935483870968,32,32,按实际呈现人数,45.16129032258064,61.29032258064516,90.32258064516128,75.80645161290323,45.16129032258064,10.223214285714286
ITEM-00147,6,感动,4,0.75,0.75,0.75,0.75,0.25,0.037037037037037035,0.25,26,26,按实际呈现人数,75.0,75.0,75.0,75.0,25.0,3.7037037037037033
ITEM-00148,62,尴尬,12,0.75,0.75,0.75,0.75,0.25,0.03787878787878787,0.25,41,41,按实际呈现人数,75.0,75.0,75.0,75.0,25.0,3.787878787878787
ITEM-00149,60,担忧,33,0.36363636363636365,0.36363636363636365,0.36363636363636365,0.36363636363636365,0.6363636363636364,0.06798671849692257,0.6363636363636364,35,35,按实际呈现人数,36.36363636363637,36.36363636363637,36.36363636363637,36.36363636363637,63.63636363636363,6.798671849692258
ITEM-00150,86,快乐｜满足,38,0.18421052631578946,0.23684210526315788,0.42105263157894735,0.32894736842105265,0.7368421052631579,0.16459310365560367,1.368421052631579,19,19,按实际呈现人数,18.421052631578945,23.684210526315788,42.10526315789473,32.89473684210527,73.68421052631578,16.459310365560366
