题目编号,题目标题,素材模态,能力类型,选项形式,有效作答人数,答对人数,平均作答时间秒,作答时间中位数秒,难度_严格答对率,极端效应,题目处理建议,模态作答中位数秒,模态长时阈值秒,相对模态中位数倍数,作答过久,时间复核建议
ITEM-00001,3,视频,情绪识别,单选题,5,4,33.89,26.62,0.8,无,样本不足，补测后判断,38.1975,59.325,0.6969042476601872,False,无
ITEM-00002,6,视频,情绪推理,单选题,30,16,43.417,41.79,0.5333333333333333,无,保留进入难度分级,38.1975,59.325,1.0940506577655607,False,无
ITEM-00003,21,视频,情绪识别,单选题,3,2,39.93333333333333,35.48,0.6666666666666666,无,样本不足，补测后判断,38.1975,59.325,0.928856600562864,False,无
ITEM-00004,62,视频,情绪推理,单选题,34,26,29.436764705882354,26.295,0.7647058823529411,无,保留进入难度分级,38.1975,59.325,0.6883958374239153,False,无
ITEM-00005,70,视频,情绪识别,单选题,8,4,32.99625,27.57,0.5,无,样本不足，补测后判断,38.1975,59.325,0.7217749852739054,False,无
ITEM-00006,28,图像,情绪识别,单选题,6,5,18.276666666666667,15.379999999999999,0.8333333333333334,无,样本不足，补测后判断,17.0525,22.343,0.9019205395103358,False,无
ITEM-00007,29,图像,情绪识别,单选题,13,2,17.256153846153843,13.18,0.15384615384615385,无,样本不足，补测后判断,17.0525,22.343,0.772907198358012,False,无
ITEM-00008,30,图像,情绪识别,单选题,8,0,24.995,23.185000000000002,0.0,地板题,样本不足，补测后判断,17.0525,22.343,1.3596246884621026,False,无
ITEM-00009,7,音频,情绪识别,单选题,35,14,29.168857142857142,23.96,0.4,无,保留进入难度分级,37.0,58.64900000000002,0.6475675675675676,False,无
ITEM-00010,63,文本,情绪识别,多选题,33,9,20.94393939393939,18.18,0.2727272727272727,无,保留进入难度分级,24.06,33.428,0.7556109725685786,False,无
ITEM-00011,25,图像,情绪识别,单选题,10,9,23.837,22.165,0.9,天花板题,样本不足，补测后判断,17.0525,22.343,1.2998094121096615,False,无
ITEM-00012,26,图像,情绪识别,单选题,12,11,17.105,14.469999999999999,0.9166666666666666,天花板题,样本不足，补测后判断,17.0525,22.343,0.8485559302155109,False,无
ITEM-00013,27,图像,情绪识别,单选题,15,13,13.25,10.59,0.8666666666666667,天花板题,建议删除（须内容复核）,17.0525,22.343,0.6210233103650492,False,无
ITEM-00014,1,视频,情绪识别,单选题,8,7,40.4025,38.14,0.875,天花板题,样本不足，补测后判断,38.1975,59.325,0.998494665881275,False,无
ITEM-00015,4,视频,情绪识别,单选题,6,1,47.055,40.265,0.16666666666666666,无,样本不足，补测后判断,38.1975,59.325,1.054126578964592,False,无
ITEM-00016,9,视频,情绪识别,单选题,8,6,55.5125,60.04,0.75,无,样本不足，补测后判断,38.1975,59.325,1.5718306171869887,False,无
ITEM-00017,10,视频,情绪识别,单选题,6,5,36.089999999999996,41.845,0.8333333333333334,无,样本不足，补测后判断,38.1975,59.325,1.0954905425747758,False,无
ITEM-00018,11,视频,情绪识别,单选题,6,5,28.406666666666666,28.630000000000003,0.8333333333333334,无,样本不足，补测后判断,38.1975,59.325,0.7495254925060542,False,无
ITEM-00019,12,视频,情绪识别,单选题,7,4,27.93,30.06,0.5714285714285714,无,样本不足，补测后判断,38.1975,59.325,0.786962497545651,False,无
ITEM-00020,13,视频,情绪识别,单选题,10,5,40.983,37.7,0.5,无,样本不足，补测后判断,38.1975,59.325,0.986975587407553,False,无
ITEM-00021,14,视频,情绪识别,单选题,6,1,54.96,54.16,0.16666666666666666,无,样本不足，补测后判断,38.1975,59.325,1.417893841219975,False,无
ITEM-00022,16,视频,情绪识别,单选题,9,6,40.84,35.48,0.6666666666666666,无,样本不足，补测后判断,38.1975,59.325,0.928856600562864,False,无
ITEM-00023,55,视频,情绪识别,单选题,7,5,42.457142857142856,39.13,0.7142857142857143,无,样本不足，补测后判断,38.1975,59.325,1.0244125924471499,False,无
ITEM-00024,57,视频,情绪识别,单选题,3,1,68.74,68.3,0.3333333333333333,无,样本不足，补测后判断,38.1975,59.325,1.7880751358073173,False,无
ITEM-00025,60,视频,情绪识别,单选题,4,2,36.995,33.445,0.5,无,样本不足，补测后判断,38.1975,59.325,0.8755808626218994,False,无
ITEM-00026,64,视频,情绪识别,单选题,8,5,47.42,51.239999999999995,0.625,无,样本不足，补测后判断,38.1975,59.325,1.3414490477125465,False,无
ITEM-00027,83,视频,情绪识别,单选题,8,4,40.22375,38.254999999999995,0.5,无,样本不足，补测后判断,38.1975,59.325,1.001505334118725,False,无
ITEM-00028,24,图像,情绪识别,单选题,3,1,22.626666666666665,11.3,0.3333333333333333,无,样本不足，补测后判断,17.0525,22.343,0.6626594341005718,False,无
ITEM-00029,34,图像,情绪识别,单选题,6,0,16.355,15.17,0.0,地板题,样本不足，补测后判断,17.0525,22.343,0.8896056296730686,False,无
ITEM-00030,42,图像,情绪识别,单选题,8,4,13.69875,12.8,0.5,无,样本不足，补测后判断,17.0525,22.343,0.750623075795338,False,无
ITEM-00032,41,图像,情绪识别,单选题,5,2,20.49,19.73,0.4,无,样本不足，补测后判断,17.0525,22.343,1.1570151004251576,False,无
ITEM-00033,44,图像,情绪识别,单选题,9,5,12.407777777777778,10.61,0.5555555555555556,无,样本不足，补测后判断,17.0525,22.343,0.6221961589209793,False,无
ITEM-00034,43,图像,情绪识别,单选题,8,7,15.469999999999999,13.879999999999999,0.875,天花板题,样本不足，补测后判断,17.0525,22.343,0.8139568978155696,False,无
ITEM-00035,96,图像,情绪识别,单选题,3,1,11.946666666666667,12.65,0.3333333333333333,无,样本不足，补测后判断,17.0525,22.343,0.7418267116258614,False,无
ITEM-00036,45,图像,情绪识别,单选题,7,1,28.185714285714287,22.71,0.14285714285714285,地板题,样本不足，补测后判断,17.0525,22.343,1.33176953525876,False,无
ITEM-00037,50,文本,情绪识别,单选题,14,10,20.59357142857143,17.35,0.7142857142857143,无,样本不足，补测后判断,24.06,33.428,0.7211138819617624,False,无
ITEM-00038,51,文本,情绪识别,单选题,9,7,34.77333333333333,31.28,0.7777777777777778,无,样本不足，补测后判断,24.06,33.428,1.3000831255195346,False,无
ITEM-00039,52,文本,情绪识别,单选题,13,11,21.323076923076922,18.18,0.8461538461538461,无,样本不足，补测后判断,24.06,33.428,0.7556109725685786,False,无
ITEM-00040,53,文本,情绪识别,单选题,16,10,20.03625,14.1,0.625,无,保留进入难度分级,24.06,33.428,0.5860349127182045,False,无
ITEM-00041,54,文本,情绪识别,单选题,18,3,18.413888888888888,16.86,0.16666666666666666,无,保留进入难度分级,24.06,33.428,0.7007481296758105,False,无
ITEM-00042,61,视频,情绪识别,多选题,22,4,35.12409090909091,29.22,0.18181818181818182,无,保留进入难度分级,38.1975,59.325,0.7649715295503633,False,无
ITEM-00043,65,视频,情绪识别,多选题,17,0,39.72176470588235,30.72,0.0,地板题,建议删除（须内容复核）,38.1975,59.325,0.8042411152562341,False,无
ITEM-00044,80,视频,情绪识别,多选题,21,0,22.74904761904762,20.75,0.0,地板题,建议删除（须内容复核）,38.1975,59.325,0.5432292689312128,False,无
ITEM-00045,2,音频,情绪识别,单选题,31,9,46.24903225806452,38.11,0.2903225806451613,无,保留进入难度分级,37.0,58.64900000000002,1.03,False,无
ITEM-00046,89,图像,情绪识别,多选题,12,0,22.88,21.865,0.0,地板题,样本不足，补测后判断,17.0525,22.343,1.282216683770708,False,无
ITEM-00047,90,图像,情绪识别,多选题,16,3,24.405625,17.799999999999997,0.1875,无,保留进入难度分级,17.0525,22.343,1.0438352147778918,False,无
ITEM-00048,2,音频,情绪识别,单选题,34,24,44.434705882352944,40.790000000000006,0.7058823529411765,无,保留进入难度分级,37.0,58.64900000000002,1.1024324324324326,False,无
ITEM-00049,17,音频,情绪识别,单选题,43,18,69.76511627906977,65.84,0.4186046511627907,无,保留进入难度分级,37.0,58.64900000000002,1.7794594594594595,True,先核对素材时长；若素材不长则精简题干/选项
ITEM-00050,92,图像,情绪识别,多选题,20,5,18.910999999999998,16.23,0.25,无,保留进入难度分级,17.0525,22.343,0.95176660313737,False,无
ITEM-00051,93,图像,情绪识别,单选题,15,7,18.505333333333333,16.39,0.4666666666666667,无,保留进入难度分级,17.0525,22.343,0.9611493915848117,False,无
ITEM-00052,94,图像,情绪识别,多选题,15,0,21.077333333333335,15.92,0.0,地板题,建议删除（须内容复核）,17.0525,22.343,0.9335874505204517,False,无
ITEM-00053,95,图像,情绪识别,多选题,15,1,25.63266666666667,18.63,0.06666666666666667,地板题,建议删除（须内容复核）,17.0525,22.343,1.0925084298489958,False,无
ITEM-00054,97,图像,情绪识别,多选题,15,1,16.010666666666665,13.9,0.06666666666666667,地板题,建议删除（须内容复核）,17.0525,22.343,0.8151297463714999,False,无
ITEM-00055,98,图像,情绪识别,多选题,18,1,24.23611111111111,20.439999999999998,0.05555555555555555,地板题,建议删除（须内容复核）,17.0525,22.343,1.1986512241606802,False,无
ITEM-00056,101,图像,情绪识别,单选题,11,3,25.90090909090909,23.4,0.2727272727272727,无,样本不足，补测后判断,17.0525,22.343,1.372232810438352,False,无
ITEM-00057,23,音频,情绪识别,单选题,33,21,36.079090909090915,32.24,0.6363636363636364,无,保留进入难度分级,37.0,58.64900000000002,0.8713513513513514,False,无
ITEM-00058,102,图像,情绪识别,多选题,22,1,23.649545454545454,19.575,0.045454545454545456,地板题,建议删除（须内容复核）,17.0525,22.343,1.1479255241166986,False,无
ITEM-00059,15,文本,情绪识别,单选题,12,9,23.1775,15.595,0.75,无,样本不足，补测后判断,24.06,33.428,0.6481712385702412,False,无
ITEM-00060,18,文本,情绪识别,单选题,11,3,30.10545454545455,22.52,0.2727272727272727,无,样本不足，补测后判断,24.06,33.428,0.9359933499584373,False,无
ITEM-00061,109,图像,情绪识别,多选题,18,5,22.922777777777778,17.064999999999998,0.2777777777777778,无,保留进入难度分级,17.0525,22.343,1.0007330303474564,False,无
ITEM-00062,23,文本,情绪识别,单选题,10,8,23.565,19.14,0.8,无,样本不足，补测后判断,24.06,33.428,0.7955112219451372,False,无
ITEM-00063,110,图像,情绪识别,多选题,16,3,22.064375,20.095,0.1875,无,保留进入难度分级,17.0525,22.343,1.178419586570884,False,无
ITEM-00064,111,图像,情绪识别,多选题,18,3,15.04888888888889,14.690000000000001,0.16666666666666666,无,保留进入难度分级,17.0525,22.343,0.8614572643307434,False,无
ITEM-00065,112,图像,情绪识别,多选题,20,0,21.435499999999998,19.060000000000002,0.0,地板题,建议删除（须内容复核）,17.0525,22.343,1.1177246738014956,False,无
ITEM-00066,113,图像,情绪识别,多选题,17,0,19.174705882352942,16.63,0.0,地板题,建议删除（须内容复核）,17.0525,22.343,0.9752235742559743,False,无
ITEM-00067,114,图像,情绪识别,单选题,9,5,17.642222222222223,17.13,0.5555555555555556,无,样本不足，补测后判断,17.0525,22.343,1.0045447881542295,False,无
ITEM-00068,116,文本,情绪识别,多选题,35,6,26.421142857142858,21.52,0.17142857142857143,无,保留进入难度分级,24.06,33.428,0.8944305901911888,False,无
ITEM-00069,117,文本,情绪识别,多选题,24,1,20.63083333333333,19.93,0.041666666666666664,地板题,建议删除（须内容复核）,24.06,33.428,0.8283458021612635,False,无
ITEM-00070,119,文本,情绪识别,多选题,37,6,26.861081081081082,21.76,0.16216216216216217,无,保留进入难度分级,24.06,33.428,0.9044056525353285,False,无
ITEM-00071,91,图像,情绪识别,多选题,18,1,30.098888888888887,30.855,0.05555555555555555,地板题,建议删除（须内容复核）,17.0525,22.343,1.8094121096613403,True,检查并精简题干/选项阅读负荷
ITEM-00072,120,文本,情绪识别,多选题,26,1,29.19884615384615,22.875,0.038461538461538464,地板题,建议删除（须内容复核）,24.06,33.428,0.9507481296758106,False,无
ITEM-00073,107,图像,情绪识别,多选题,19,3,22.24105263157895,16.11,0.15789473684210525,无,保留进入难度分级,17.0525,22.343,0.9447295118017887,False,无
ITEM-00074,121,文本,情绪识别,单选题,14,11,23.189999999999998,18.215,0.7857142857142857,无,样本不足，补测后判断,24.06,33.428,0.7570656691604323,False,无
ITEM-00075,108,图像,情绪识别,多选题,29,3,22.710689655172413,16.56,0.10344827586206896,地板题,建议删除（须内容复核）,17.0525,22.343,0.9711186043102185,False,无
ITEM-00076,78,音频,情绪识别,多选题,24,0,32.67875,28.975,0.0,地板题,建议删除（须内容复核）,37.0,58.64900000000002,0.7831081081081082,False,无
ITEM-00077,79,音频,情绪识别,多选题,26,3,36.98307692307692,29.285,0.11538461538461539,地板题,建议删除（须内容复核）,37.0,58.64900000000002,0.7914864864864865,False,无
ITEM-00078,89,图像,情绪推理,多选题,64,3,26.93796875,22.36,0.046875,地板题,建议删除（须内容复核）,17.0525,22.343,1.311244685529981,True,检查并精简题干/选项阅读负荷
ITEM-00079,61,视频,情绪推理,多选题,34,3,36.8235294117647,31.880000000000003,0.08823529411764706,地板题,建议删除（须内容复核）,38.1975,59.325,0.8346095948687743,False,无
ITEM-00080,65,视频,情绪推理,多选题,35,0,45.21371428571429,37.88,0.0,地板题,建议删除（须内容复核）,38.1975,59.325,0.9916879376922575,False,无
ITEM-00081,58,视频,情绪识别,多选题,26,4,53.964615384615385,51.03,0.15384615384615385,无,保留进入难度分级,38.1975,59.325,1.335951305713725,False,无
ITEM-00082,72,视频,情绪识别,多选题,15,3,58.57066666666666,55.56,0.2,无,保留进入难度分级,38.1975,59.325,1.4545454545454546,False,无
ITEM-00083,73,视频,情绪识别,多选题,19,1,82.26578947368421,57.63,0.05263157894736842,地板题,建议删除（须内容复核）,38.1975,59.325,1.5087374828195563,False,无
ITEM-00084,78,音频,情绪推理,多选题,43,2,32.731162790697674,25.69,0.046511627906976744,地板题,建议删除（须内容复核）,37.0,58.64900000000002,0.6943243243243243,False,无
ITEM-00085,76,视频,情绪识别,多选题,13,4,30.973846153846157,28.63,0.3076923076923077,无,样本不足，补测后判断,38.1975,59.325,0.749525492506054,False,无
ITEM-00086,79,音频,情绪推理,多选题,51,12,30.955098039215688,26.08,0.23529411764705882,无,保留进入难度分级,37.0,58.64900000000002,0.7048648648648648,False,无
ITEM-00087,77,视频,情绪识别,多选题,17,2,49.10647058823529,41.23,0.11764705882352941,地板题,建议删除（须内容复核）,38.1975,59.325,1.0793900124353688,False,无
ITEM-00088,81,视频,情绪识别,多选题,24,9,42.435833333333335,36.945,0.375,无,保留进入难度分级,38.1975,59.325,0.9672098959355979,False,无
ITEM-00089,84,视频,情绪识别,多选题,19,1,62.473684210526315,58.66,0.05263157894736842,地板题,建议删除（须内容复核）,38.1975,59.325,1.5357025983375876,False,无
ITEM-00090,56,音频,情绪识别,多选题,29,4,39.894137931034486,35.89,0.13793103448275862,地板题,建议删除（须内容复核）,37.0,58.64900000000002,0.97,False,无
ITEM-00091,59,音频,情绪识别,多选题,28,7,35.96964285714286,30.39,0.25,无,保留进入难度分级,37.0,58.64900000000002,0.8213513513513514,False,无
ITEM-00092,66,音频,情绪识别,多选题,28,10,49.840357142857144,48.47,0.35714285714285715,无,保留进入难度分级,37.0,58.64900000000002,1.31,False,无
ITEM-00093,75,音频,情绪识别,多选题,36,8,40.875277777777775,30.95,0.2222222222222222,无,保留进入难度分级,37.0,58.64900000000002,0.8364864864864865,False,无
ITEM-00094,88,音频,情绪识别,多选题,23,2,45.53,44.52,0.08695652173913043,地板题,建议删除（须内容复核）,37.0,58.64900000000002,1.2032432432432434,False,无
ITEM-00095,59,文本,情绪识别,多选题,28,9,37.542142857142856,35.04,0.32142857142857145,无,保留进入难度分级,24.06,33.428,1.4563591022443891,True,检查并精简题干/选项阅读负荷
ITEM-00096,74,文本,情绪识别,多选题,40,6,24.4685,21.509999999999998,0.15,地板题,建议删除（须内容复核）,24.06,33.428,0.8940149625935162,False,无
ITEM-00097,82,文本,情绪识别,多选题,36,4,37.86972222222222,32.254999999999995,0.1111111111111111,地板题,建议删除（须内容复核）,24.06,33.428,1.3406068162926017,False,无
ITEM-00098,1,视频,情绪推理,多选题,28,1,38.28785714285714,32.955,0.03571428571428571,地板题,建议删除（须内容复核）,38.1975,59.325,0.8627527979579815,False,无
ITEM-00100,10,视频,情绪推理,多选题,33,5,52.83787878787879,59.61,0.15151515151515152,无,保留进入难度分级,38.1975,59.325,1.5605733359513059,True,先核对素材时长；若素材不长则精简题干/选项
ITEM-00101,55,视频,情绪推理,多选题,28,5,58.845000000000006,56.209999999999994,0.17857142857142858,无,保留进入难度分级,38.1975,59.325,1.4715622750179984,False,无
ITEM-00102,57,视频,情绪推理,多选题,35,8,69.03914285714285,60.27,0.22857142857142856,无,保留进入难度分级,38.1975,59.325,1.5778519536618891,True,先核对素材时长；若素材不长则精简题干/选项
ITEM-00104,23,文本,情绪推理,单选题,27,26,30.27259259259259,28.9,0.9629629629629629,天花板题,建议删除（须内容复核）,24.06,33.428,1.201163757273483,False,无
ITEM-00105,2,音频,情绪推理,多选题,41,2,46.1290243902439,42.89,0.04878048780487805,地板题,建议删除（须内容复核）,37.0,58.64900000000002,1.1591891891891892,False,无
ITEM-00106,77,视频,情绪推理,单选题,31,15,49.54548387096774,35.59,0.4838709677419355,无,保留进入难度分级,38.1975,59.325,0.9317363701812947,False,无
ITEM-00107,81,视频,情绪推理,多选题,25,1,40.9576,37.51,0.04,地板题,建议删除（须内容复核）,38.1975,59.325,0.9820014398848093,False,无
ITEM-00108,59,音频,情绪推理,多选题,35,3,50.21828571428572,39.23,0.08571428571428572,地板题,建议删除（须内容复核）,37.0,58.64900000000002,1.0602702702702702,False,无
ITEM-00109,88,音频,情绪推理,多选题,49,3,58.04775510204082,59.78,0.061224489795918366,地板题,建议删除（须内容复核）,37.0,58.64900000000002,1.6156756756756756,True,先核对素材时长；若素材不长则精简题干/选项
ITEM-00110,59,文本,情绪推理,多选题,32,0,38.86875,31.655,0.0,地板题,建议删除（须内容复核）,24.06,33.428,1.3156691604322528,False,无
ITEM-00111,31,图像,情绪识别,单选题,12,7,15.810833333333333,15.48,0.5833333333333334,无,样本不足，补测后判断,17.0525,22.343,0.9077847822899869,False,无
ITEM-00112,35,图像,情绪识别,单选题,7,0,20.42142857142857,20.2,0.0,地板题,样本不足，补测后判断,17.0525,22.343,1.1845770414895178,False,无
ITEM-00113,36,图像,情绪识别,单选题,7,1,22.407142857142855,22.19,0.14285714285714285,地板题,样本不足，补测后判断,17.0525,22.343,1.3012754728045743,False,无
ITEM-00114,38,图像,情绪识别,单选题,9,1,18.172222222222224,13.16,0.1111111111111111,地板题,样本不足，补测后判断,17.0525,22.343,0.7717343498020819,False,无
ITEM-00115,39,图像,情绪识别,单选题,10,8,13.912,13.27,0.8,无,样本不足，补测后判断,17.0525,22.343,0.778185016859698,False,无
ITEM-00116,46,图像,情绪识别,单选题,12,7,18.587500000000002,14.665,0.5833333333333334,无,样本不足，补测后判断,17.0525,22.343,0.8599912036358306,False,无
ITEM-00117,47,图像,情绪识别,单选题,10,2,24.399,20.0,0.2,无,样本不足，补测后判断,17.0525,22.343,1.1728485559302155,False,无
ITEM-00118,48,图像,情绪识别,单选题,11,4,19.24818181818182,15.68,0.36363636363636365,无,样本不足，补测后判断,17.0525,22.343,0.919513267849289,False,无
ITEM-00119,49,图像,情绪识别,单选题,8,2,21.3125,18.785,0.25,无,样本不足，补测后判断,17.0525,22.343,1.101598006157455,False,无
ITEM-00120,105,图像,情绪识别,单选题,8,1,25.5625,15.799999999999999,0.125,地板题,样本不足，补测后判断,17.0525,22.343,0.9265503591848703,False,无
ITEM-00121,106,图像,情绪识别,单选题,14,10,17.54285714285714,11.989999999999998,0.7142857142857143,无,样本不足，补测后判断,17.0525,22.343,0.7031227092801642,False,无
ITEM-00122,5,文本,情绪识别,单选题,11,4,27.29,27.45,0.36363636363636365,无,样本不足，补测后判断,24.06,33.428,1.1408977556109725,False,无
ITEM-00123,8,音频,情绪识别,单选题,41,26,25.94390243902439,23.63,0.6341463414634146,无,保留进入难度分级,37.0,58.64900000000002,0.6386486486486487,False,无
ITEM-00124,22,音频,情绪识别,单选题,39,26,41.35923076923077,40.58,0.6666666666666666,无,保留进入难度分级,37.0,58.64900000000002,1.0967567567567567,False,无
ITEM-00125,85,视频,情绪识别,多选题,26,4,48.13884615384615,45.115,0.15384615384615385,无,保留进入难度分级,38.1975,59.325,1.1810982394135743,False,无
ITEM-00126,86,视频,情绪识别,多选题,17,0,29.97470588235294,27.87,0.0,地板题,建议删除（须内容复核）,38.1975,59.325,0.7296289024150796,False,无
ITEM-00127,87,视频,情绪识别,多选题,20,1,69.15450000000001,60.075,0.05,地板题,建议删除（须内容复核）,38.1975,59.325,1.572746907520126,True,先核对素材时长；若素材不长则精简题干/选项
ITEM-00128,100,图像,情绪识别,多选题,17,3,19.364117647058823,17.99,0.17647058823529413,无,保留进入难度分级,17.0525,22.343,1.0549772760592289,False,无
ITEM-00129,103,图像,情绪识别,多选题,21,4,23.375714285714285,20.36,0.19047619047619047,无,保留进入难度分级,17.0525,22.343,1.1939598299369594,False,无
ITEM-00130,104,图像,情绪识别,多选题,19,2,16.87421052631579,17.04,0.10526315789473684,地板题,建议删除（须内容复核）,17.0525,22.343,0.9992669696525437,False,无
ITEM-00131,115,图像,情绪识别,多选题,14,1,20.797142857142855,21.814999999999998,0.07142857142857142,地板题,样本不足，补测后判断,17.0525,22.343,1.2792845623808826,False,无
ITEM-00132,37,图像,情绪识别,多选题,14,2,34.81142857142857,31.59,0.14285714285714285,地板题,样本不足，补测后判断,17.0525,22.343,1.8525142940917756,False,无
ITEM-00133,99,图像,情绪识别,多选题,11,1,27.543636363636367,18.88,0.09090909090909091,地板题,样本不足，补测后判断,17.0525,22.343,1.1071690367981235,False,无
ITEM-00134,67,文本,情绪识别,多选题,34,7,35.2235294117647,33.025,0.20588235294117646,无,保留进入难度分级,24.06,33.428,1.3726101413133833,False,无
ITEM-00135,68,文本,情绪识别,多选题,39,2,31.83846153846154,28.12,0.05128205128205128,地板题,建议删除（须内容复核）,24.06,33.428,1.1687448046550293,False,无
ITEM-00136,71,文本,情绪识别,多选题,21,1,25.944285714285716,24.06,0.047619047619047616,地板题,建议删除（须内容复核）,24.06,33.428,1.0,False,无
ITEM-00137,69,音频,情绪识别,多选题,33,5,30.728181818181817,29.16,0.15151515151515152,无,保留进入难度分级,37.0,58.64900000000002,0.7881081081081082,False,无
ITEM-00138,22,音频,情绪推理,多选题,37,0,63.70081081081081,62.23,0.0,地板题,建议删除（须内容复核）,37.0,58.64900000000002,1.6818918918918917,True,先核对素材时长；若素材不长则精简题干/选项
ITEM-00139,37,图像,情绪推理,多选题,64,2,26.2546875,22.04,0.03125,地板题,建议删除（须内容复核）,17.0525,22.343,1.2924791086350975,False,无
ITEM-00140,63,文本,情绪推理,多选题,48,7,27.485833333333332,24.104999999999997,0.14583333333333334,地板题,建议删除（须内容复核）,24.06,33.428,1.0018703241895262,False,无
ITEM-00141,67,文本,情绪推理,多选题,48,4,55.727916666666665,50.665,0.08333333333333333,地板题,建议删除（须内容复核）,24.06,33.428,2.1057772236076477,True,检查并精简题干/选项阅读负荷
ITEM-00142,68,文本,情绪推理,单选题,33,13,29.992121212121212,29.34,0.3939393939393939,无,保留进入难度分级,24.06,33.428,1.2194513715710724,False,无
ITEM-00143,71,文本,情绪推理,单选题,37,11,36.18378378378378,29.16,0.2972972972972973,无,保留进入难度分级,24.06,33.428,1.2119700748129676,False,无
ITEM-00144,118,文本,情绪推理,单选题,31,14,42.149354838709684,32.44,0.45161290322580644,无,保留进入难度分级,24.06,33.428,1.3482959268495427,False,无
ITEM-00145,69,音频,情绪识别,多选题,29,1,40.79379310344827,40.4,0.034482758620689655,地板题,建议删除（须内容复核）,37.0,58.64900000000002,1.0918918918918918,False,无
ITEM-00146,118,文本,情绪识别,多选题,31,14,41.25096774193548,38.32,0.45161290322580644,无,保留进入难度分级,24.06,33.428,1.5926849542809645,True,检查并精简题干/选项阅读负荷
ITEM-00147,6,视频,情绪识别,单选题,4,3,49.1725,48.665,0.75,无,样本不足，补测后判断,38.1975,59.325,1.2740362589174685,False,无
ITEM-00148,62,视频,情绪识别,单选题,12,9,29.011666666666667,24.715,0.75,无,样本不足，补测后判断,38.1975,59.325,0.6470318738137313,False,无
ITEM-00149,60,视频,情绪推理,单选题,33,12,62.39727272727273,58.29,0.36363636363636365,无,保留进入难度分级,38.1975,59.325,1.5260161005301394,False,无
ITEM-00150,86,视频,情绪推理,多选题,38,7,43.74473684210526,38.855000000000004,0.18421052631578946,无,保留进入难度分级,38.1975,59.325,1.0172131684010735,False,无
